solid STL generated by MeshLab
  facet normal -9.384093e-01  3.455257e-01  0.000000e+00
    outer loop
      vertex   1.640000e+03  1.738169e+03 -2.500000e+02
      vertex   1.960000e+03  2.607253e+03 -2.500000e+02
      vertex   1.960000e+03  2.607253e+03 -5.000000e+02
    endloop
  endfacet
  facet normal -9.384093e-01  3.455257e-01  0.000000e+00
    outer loop
      vertex   2.600000e+03  4.345421e+03  5.000000e+02
      vertex   2.920000e+03  5.214506e+03  2.500000e+02
      vertex   2.600000e+03  4.345421e+03  2.500000e+02
    endloop
  endfacet
  facet normal -1.000000e+00  0.000000e+00  0.000000e+00
    outer loop
      vertex   3.560000e+03  8.881425e+03  2.500000e+02
      vertex   3.560000e+03  9.845800e+03  5.000000e+02
      vertex   3.560000e+03  9.845800e+03  2.500000e+02
    endloop
  endfacet
  facet normal -1.000000e+00  0.000000e+00  0.000000e+00
    outer loop
      vertex   3.560000e+03  1.177455e+04 -2.500000e+02
      vertex   3.560000e+03  1.273892e+04 -2.500000e+02
      vertex   3.560000e+03  1.177455e+04 -5.000000e+02
    endloop
  endfacet
  facet normal -9.384093e-01 -3.455257e-01  0.000000e+00
    outer loop
      vertex  -1.640000e+03  1.738169e+03 -2.500000e+02
      vertex  -1.960000e+03  2.607253e+03 -2.500000e+02
      vertex  -1.960000e+03  2.607253e+03 -5.000000e+02
    endloop
  endfacet
  facet normal -9.384093e-01 -3.455257e-01 -0.000000e+00
    outer loop
      vertex  -2.600000e+03  4.345421e+03  5.000000e+02
      vertex  -2.920000e+03  5.214506e+03  2.500000e+02
      vertex  -2.600000e+03  4.345421e+03  2.500000e+02
    endloop
  endfacet
  facet normal -1.000000e+00  0.000000e+00  0.000000e+00
    outer loop
      vertex  -3.560000e+03  8.881425e+03  2.500000e+02
      vertex  -3.560000e+03  9.845800e+03  5.000000e+02
      vertex  -3.560000e+03  9.845800e+03  2.500000e+02
    endloop
  endfacet
  facet normal -1.000000e+00  0.000000e+00  0.000000e+00
    outer loop
      vertex  -3.560000e+03  1.177455e+04 -2.500000e+02
      vertex  -3.560000e+03  1.273892e+04 -2.500000e+02
      vertex  -3.560000e+03  1.177455e+04 -5.000000e+02
    endloop
  endfacet
  facet normal -9.384093e-01  3.455257e-01  0.000000e+00
    outer loop
      vertex   2.600000e+03  4.345421e+03 -7.500000e+02
      vertex   2.600000e+03  4.345421e+03 -5.000000e+02
      vertex   2.920000e+03  5.214506e+03 -7.500000e+02
    endloop
  endfacet
  facet normal -9.384093e-01  3.455257e-01  0.000000e+00
    outer loop
      vertex   1.320000e+03  8.690843e+02 -7.500000e+02
      vertex   1.320000e+03  8.690843e+02 -5.000000e+02
      vertex   1.640000e+03  1.738169e+03 -7.500000e+02
    endloop
  endfacet
  facet normal -9.384093e-01  3.455257e-01  0.000000e+00
    outer loop
      vertex   1.320000e+03  8.690843e+02  2.500000e+02
      vertex   1.320000e+03  8.690843e+02  5.000000e+02
      vertex   1.640000e+03  1.738169e+03  2.500000e+02
    endloop
  endfacet
  facet normal -9.384093e-01  3.455258e-01  0.000000e+00
    outer loop
      vertex   2.920000e+03  5.214506e+03 -2.500000e+02
      vertex   3.240000e+03  6.083590e+03 -2.500000e+02
      vertex   3.240000e+03  6.083590e+03 -5.000000e+02
    endloop
  endfacet
  facet normal -9.384093e-01  3.455257e-01  0.000000e+00
    outer loop
      vertex   1.640000e+03  1.738169e+03  7.500000e+02
      vertex   1.960000e+03  2.607253e+03  7.500000e+02
      vertex   1.960000e+03  2.607253e+03  5.000000e+02
    endloop
  endfacet
  facet normal -9.384093e-01  3.455258e-01  0.000000e+00
    outer loop
      vertex   2.920000e+03  5.214506e+03  7.500000e+02
      vertex   3.240000e+03  6.083590e+03  7.500000e+02
      vertex   3.240000e+03  6.083590e+03  5.000000e+02
    endloop
  endfacet
  facet normal -1.000000e+00  0.000000e+00  0.000000e+00
    outer loop
      vertex   3.560000e+03  1.177455e+04  5.000000e+02
      vertex   3.560000e+03  1.177455e+04  7.500000e+02
      vertex   3.560000e+03  1.273892e+04  7.500000e+02
    endloop
  endfacet
  facet normal -1.000000e+00  0.000000e+00  0.000000e+00
    outer loop
      vertex   3.560000e+03  7.917050e+03 -5.000000e+02
      vertex   3.560000e+03  7.917050e+03 -2.500000e+02
      vertex   3.560000e+03  8.881425e+03 -2.500000e+02
    endloop
  endfacet
  facet normal -1.000000e+00  0.000000e+00  0.000000e+00
    outer loop
      vertex   3.560000e+03  7.917050e+03  5.000000e+02
      vertex   3.560000e+03  7.917050e+03  7.500000e+02
      vertex   3.560000e+03  8.881425e+03  7.500000e+02
    endloop
  endfacet
  facet normal -1.000000e+00  0.000000e+00  0.000000e+00
    outer loop
      vertex   3.560000e+03  1.273892e+04 -7.500000e+02
      vertex   3.560000e+03  1.370330e+04 -5.000000e+02
      vertex   3.560000e+03  1.370330e+04 -7.500000e+02
    endloop
  endfacet
  facet normal -1.000000e+00  0.000000e+00  0.000000e+00
    outer loop
      vertex   3.560000e+03  8.881425e+03 -7.500000e+02
      vertex   3.560000e+03  9.845800e+03 -5.000000e+02
      vertex   3.560000e+03  9.845800e+03 -7.500000e+02
    endloop
  endfacet
  facet normal -1.000000e+00  0.000000e+00  0.000000e+00
    outer loop
      vertex   3.560000e+03  1.273892e+04  2.500000e+02
      vertex   3.560000e+03  1.370330e+04  5.000000e+02
      vertex   3.560000e+03  1.370330e+04  2.500000e+02
    endloop
  endfacet
  facet normal -9.384093e-01 -3.455257e-01  0.000000e+00
    outer loop
      vertex  -2.600000e+03  4.345421e+03 -7.500000e+02
      vertex  -2.600000e+03  4.345421e+03 -5.000000e+02
      vertex  -2.920000e+03  5.214506e+03 -7.500000e+02
    endloop
  endfacet
  facet normal -9.384093e-01 -3.455257e-01  0.000000e+00
    outer loop
      vertex  -1.320000e+03  8.690843e+02 -7.500000e+02
      vertex  -1.320000e+03  8.690843e+02 -5.000000e+02
      vertex  -1.640000e+03  1.738169e+03 -7.500000e+02
    endloop
  endfacet
  facet normal -9.384093e-01 -3.455257e-01  0.000000e+00
    outer loop
      vertex  -1.320000e+03  8.690843e+02  2.500000e+02
      vertex  -1.320000e+03  8.690843e+02  5.000000e+02
      vertex  -1.640000e+03  1.738169e+03  2.500000e+02
    endloop
  endfacet
  facet normal -9.384093e-01 -3.455258e-01  0.000000e+00
    outer loop
      vertex  -2.920000e+03  5.214506e+03 -2.500000e+02
      vertex  -3.240000e+03  6.083590e+03 -2.500000e+02
      vertex  -3.240000e+03  6.083590e+03 -5.000000e+02
    endloop
  endfacet
  facet normal -9.384093e-01 -3.455257e-01  0.000000e+00
    outer loop
      vertex  -1.640000e+03  1.738169e+03  7.500000e+02
      vertex  -1.960000e+03  2.607253e+03  7.500000e+02
      vertex  -1.960000e+03  2.607253e+03  5.000000e+02
    endloop
  endfacet
  facet normal -9.384093e-01 -3.455258e-01  0.000000e+00
    outer loop
      vertex  -2.920000e+03  5.214506e+03  7.500000e+02
      vertex  -3.240000e+03  6.083590e+03  7.500000e+02
      vertex  -3.240000e+03  6.083590e+03  5.000000e+02
    endloop
  endfacet
  facet normal -1.000000e+00  0.000000e+00  0.000000e+00
    outer loop
      vertex  -3.560000e+03  1.177455e+04  5.000000e+02
      vertex  -3.560000e+03  1.177455e+04  7.500000e+02
      vertex  -3.560000e+03  1.273892e+04  7.500000e+02
    endloop
  endfacet
  facet normal -1.000000e+00  0.000000e+00  0.000000e+00
    outer loop
      vertex  -3.560000e+03  7.917050e+03 -5.000000e+02
      vertex  -3.560000e+03  7.917050e+03 -2.500000e+02
      vertex  -3.560000e+03  8.881425e+03 -2.500000e+02
    endloop
  endfacet
  facet normal -1.000000e+00  0.000000e+00  0.000000e+00
    outer loop
      vertex  -3.560000e+03  7.917050e+03  5.000000e+02
      vertex  -3.560000e+03  7.917050e+03  7.500000e+02
      vertex  -3.560000e+03  8.881425e+03  7.500000e+02
    endloop
  endfacet
  facet normal -1.000000e+00  0.000000e+00  0.000000e+00
    outer loop
      vertex  -3.560000e+03  1.273892e+04 -7.500000e+02
      vertex  -3.560000e+03  1.370330e+04 -5.000000e+02
      vertex  -3.560000e+03  1.370330e+04 -7.500000e+02
    endloop
  endfacet
  facet normal -1.000000e+00  0.000000e+00  0.000000e+00
    outer loop
      vertex  -3.560000e+03  8.881425e+03 -7.500000e+02
      vertex  -3.560000e+03  9.845800e+03 -5.000000e+02
      vertex  -3.560000e+03  9.845800e+03 -7.500000e+02
    endloop
  endfacet
  facet normal -1.000000e+00  0.000000e+00  0.000000e+00
    outer loop
      vertex  -3.560000e+03  1.273892e+04  2.500000e+02
      vertex  -3.560000e+03  1.370330e+04  5.000000e+02
      vertex  -3.560000e+03  1.370330e+04  2.500000e+02
    endloop
  endfacet
  facet normal -9.384093e-01  3.455257e-01  0.000000e+00
    outer loop
      vertex   1.960000e+03  2.607253e+03 -7.500000e+02
      vertex   1.960000e+03  2.607253e+03 -5.000000e+02
      vertex   2.280000e+03  3.476337e+03 -7.500000e+02
    endloop
  endfacet
  facet normal -9.384093e-01  3.455257e-01  0.000000e+00
    outer loop
      vertex   1.320000e+03  8.690843e+02 -2.500000e+02
      vertex   1.320000e+03  8.690843e+02  0.000000e+00
      vertex   1.640000e+03  1.738169e+03 -2.500000e+02
    endloop
  endfacet
  facet normal -9.384093e-01  3.455257e-01  0.000000e+00
    outer loop
      vertex   1.960000e+03  2.607253e+03 -2.500000e+02
      vertex   1.960000e+03  2.607253e+03  0.000000e+00
      vertex   2.280000e+03  3.476337e+03 -2.500000e+02
    endloop
  endfacet
  facet normal -9.384093e-01  3.455257e-01  0.000000e+00
    outer loop
      vertex   2.280000e+03  3.476337e+03  2.500000e+02
      vertex   2.600000e+03  4.345421e+03  2.500000e+02
      vertex   2.600000e+03  4.345421e+03  0.000000e+00
    endloop
  endfacet
  facet normal -9.384093e-01  3.455257e-01  0.000000e+00
    outer loop
      vertex   2.280000e+03  3.476337e+03  7.500000e+02
      vertex   2.600000e+03  4.345421e+03  7.500000e+02
      vertex   2.600000e+03  4.345421e+03  5.000000e+02
    endloop
  endfacet
  facet normal -9.384093e-01  3.455258e-01  0.000000e+00
    outer loop
      vertex   2.920000e+03  5.214506e+03  2.500000e+02
      vertex   3.240000e+03  6.083590e+03  2.500000e+02
      vertex   3.240000e+03  6.083590e+03  0.000000e+00
    endloop
  endfacet
  facet normal -1.000000e+00  0.000000e+00  0.000000e+00
    outer loop
      vertex   3.560000e+03  9.845800e+03  0.000000e+00
      vertex   3.560000e+03  9.845800e+03  2.500000e+02
      vertex   3.560000e+03  1.081017e+04  2.500000e+02
    endloop
  endfacet
  facet normal -1.000000e+00  0.000000e+00  0.000000e+00
    outer loop
      vertex   3.560000e+03  7.917050e+03  0.000000e+00
      vertex   3.560000e+03  7.917050e+03  2.500000e+02
      vertex   3.560000e+03  8.881425e+03  2.500000e+02
    endloop
  endfacet
  facet normal -1.000000e+00  0.000000e+00  0.000000e+00
    outer loop
      vertex   3.560000e+03  9.845800e+03  5.000000e+02
      vertex   3.560000e+03  9.845800e+03  7.500000e+02
      vertex   3.560000e+03  1.081017e+04  7.500000e+02
    endloop
  endfacet
  facet normal -1.000000e+00  0.000000e+00  0.000000e+00
    outer loop
      vertex   3.560000e+03  1.081017e+04 -7.500000e+02
      vertex   3.560000e+03  1.177455e+04 -5.000000e+02
      vertex   3.560000e+03  1.177455e+04 -7.500000e+02
    endloop
  endfacet
  facet normal -1.000000e+00  0.000000e+00  0.000000e+00
    outer loop
      vertex   3.560000e+03  1.081017e+04 -2.500000e+02
      vertex   3.560000e+03  1.177455e+04  0.000000e+00
      vertex   3.560000e+03  1.177455e+04 -2.500000e+02
    endloop
  endfacet
  facet normal -1.000000e+00  0.000000e+00  0.000000e+00
    outer loop
      vertex   3.560000e+03  1.273892e+04 -2.500000e+02
      vertex   3.560000e+03  1.370330e+04  0.000000e+00
      vertex   3.560000e+03  1.370330e+04 -2.500000e+02
    endloop
  endfacet
  facet normal -9.384093e-01 -3.455257e-01  0.000000e+00
    outer loop
      vertex  -1.960000e+03  2.607253e+03 -7.500000e+02
      vertex  -1.960000e+03  2.607253e+03 -5.000000e+02
      vertex  -2.280000e+03  3.476337e+03 -7.500000e+02
    endloop
  endfacet
  facet normal -9.384093e-01 -3.455257e-01  0.000000e+00
    outer loop
      vertex  -1.320000e+03  8.690843e+02 -2.500000e+02
      vertex  -1.320000e+03  8.690843e+02  0.000000e+00
      vertex  -1.640000e+03  1.738169e+03 -2.500000e+02
    endloop
  endfacet
  facet normal -9.384093e-01 -3.455257e-01  0.000000e+00
    outer loop
      vertex  -1.960000e+03  2.607253e+03 -2.500000e+02
      vertex  -1.960000e+03  2.607253e+03  0.000000e+00
      vertex  -2.280000e+03  3.476337e+03 -2.500000e+02
    endloop
  endfacet
  facet normal -9.384093e-01 -3.455257e-01  0.000000e+00
    outer loop
      vertex  -2.280000e+03  3.476337e+03  2.500000e+02
      vertex  -2.600000e+03  4.345421e+03  2.500000e+02
      vertex  -2.600000e+03  4.345421e+03  0.000000e+00
    endloop
  endfacet
  facet normal -9.384093e-01 -3.455257e-01  0.000000e+00
    outer loop
      vertex  -2.280000e+03  3.476337e+03  7.500000e+02
      vertex  -2.600000e+03  4.345421e+03  7.500000e+02
      vertex  -2.600000e+03  4.345421e+03  5.000000e+02
    endloop
  endfacet
  facet normal -9.384093e-01 -3.455258e-01  0.000000e+00
    outer loop
      vertex  -2.920000e+03  5.214506e+03  2.500000e+02
      vertex  -3.240000e+03  6.083590e+03  2.500000e+02
      vertex  -3.240000e+03  6.083590e+03  0.000000e+00
    endloop
  endfacet
  facet normal -1.000000e+00  0.000000e+00  0.000000e+00
    outer loop
      vertex  -3.560000e+03  9.845800e+03  0.000000e+00
      vertex  -3.560000e+03  9.845800e+03  2.500000e+02
      vertex  -3.560000e+03  1.081017e+04  2.500000e+02
    endloop
  endfacet
  facet normal -1.000000e+00  0.000000e+00  0.000000e+00
    outer loop
      vertex  -3.560000e+03  7.917050e+03  0.000000e+00
      vertex  -3.560000e+03  7.917050e+03  2.500000e+02
      vertex  -3.560000e+03  8.881425e+03  2.500000e+02
    endloop
  endfacet
  facet normal -1.000000e+00  0.000000e+00  0.000000e+00
    outer loop
      vertex  -3.560000e+03  9.845800e+03  5.000000e+02
      vertex  -3.560000e+03  9.845800e+03  7.500000e+02
      vertex  -3.560000e+03  1.081017e+04  7.500000e+02
    endloop
  endfacet
  facet normal -1.000000e+00  0.000000e+00  0.000000e+00
    outer loop
      vertex  -3.560000e+03  1.081017e+04 -7.500000e+02
      vertex  -3.560000e+03  1.177455e+04 -5.000000e+02
      vertex  -3.560000e+03  1.177455e+04 -7.500000e+02
    endloop
  endfacet
  facet normal -1.000000e+00  0.000000e+00  0.000000e+00
    outer loop
      vertex  -3.560000e+03  1.081017e+04 -2.500000e+02
      vertex  -3.560000e+03  1.177455e+04  0.000000e+00
      vertex  -3.560000e+03  1.177455e+04 -2.500000e+02
    endloop
  endfacet
  facet normal -1.000000e+00  0.000000e+00  0.000000e+00
    outer loop
      vertex  -3.560000e+03  1.273892e+04 -2.500000e+02
      vertex  -3.560000e+03  1.370330e+04  0.000000e+00
      vertex  -3.560000e+03  1.370330e+04 -2.500000e+02
    endloop
  endfacet
  facet normal -9.384093e-01  3.455258e-01  0.000000e+00
    outer loop
      vertex   3.240000e+03  6.083590e+03 -1.000000e+03
      vertex   2.920000e+03  5.214506e+03 -7.500000e+02
      vertex   3.240000e+03  6.083590e+03 -7.500000e+02
    endloop
  endfacet
  facet normal -9.384093e-01  3.455257e-01  0.000000e+00
    outer loop
      vertex   2.600000e+03  4.345421e+03 -1.000000e+03
      vertex   2.280000e+03  3.476337e+03 -7.500000e+02
      vertex   2.600000e+03  4.345421e+03 -7.500000e+02
    endloop
  endfacet
  facet normal -9.384093e-01  3.455257e-01  0.000000e+00
    outer loop
      vertex   2.600000e+03  4.345421e+03 -5.000000e+02
      vertex   2.280000e+03  3.476337e+03 -2.500000e+02
      vertex   2.600000e+03  4.345421e+03 -2.500000e+02
    endloop
  endfacet
  facet normal -9.384093e-01  3.455257e-01  0.000000e+00
    outer loop
      vertex   1.960000e+03  2.607253e+03 -1.000000e+03
      vertex   1.640000e+03  1.738169e+03 -7.500000e+02
      vertex   1.960000e+03  2.607253e+03 -7.500000e+02
    endloop
  endfacet
  facet normal -9.384093e-01  3.455257e-01  0.000000e+00
    outer loop
      vertex   1.320000e+03  8.690843e+02 -1.000000e+03
      vertex   1.000000e+03  0.000000e+00 -7.500000e+02
      vertex   1.320000e+03  8.690843e+02 -7.500000e+02
    endloop
  endfacet
  facet normal -9.384093e-01  3.455257e-01  0.000000e+00
    outer loop
      vertex   1.320000e+03  8.690843e+02 -5.000000e+02
      vertex   1.000000e+03  0.000000e+00 -2.500000e+02
      vertex   1.320000e+03  8.690843e+02 -2.500000e+02
    endloop
  endfacet
  facet normal -9.384093e-01  3.455257e-01  0.000000e+00
    outer loop
      vertex   1.960000e+03  2.607253e+03  0.000000e+00
      vertex   1.640000e+03  1.738169e+03  2.500000e+02
      vertex   1.960000e+03  2.607253e+03  2.500000e+02
    endloop
  endfacet
  facet normal -9.384093e-01  3.455257e-01  0.000000e+00
    outer loop
      vertex   1.320000e+03  8.690843e+02  0.000000e+00
      vertex   1.000000e+03  0.000000e+00  2.500000e+02
      vertex   1.320000e+03  8.690843e+02  2.500000e+02
    endloop
  endfacet
  facet normal -9.384093e-01  3.455257e-01  0.000000e+00
    outer loop
      vertex   1.320000e+03  8.690843e+02  5.000000e+02
      vertex   1.000000e+03  0.000000e+00  7.500000e+02
      vertex   1.320000e+03  8.690843e+02  7.500000e+02
    endloop
  endfacet
  facet normal -9.384093e-01  3.455257e-01  0.000000e+00
    outer loop
      vertex   3.240000e+03  6.083590e+03 -7.500000e+02
      vertex   3.240000e+03  6.083590e+03 -5.000000e+02
      vertex   3.560000e+03  6.952674e+03 -7.500000e+02
    endloop
  endfacet
  facet normal -9.384093e-01  3.455257e-01  0.000000e+00
    outer loop
      vertex   2.600000e+03  4.345421e+03 -2.500000e+02
      vertex   2.600000e+03  4.345421e+03  0.000000e+00
      vertex   2.920000e+03  5.214506e+03 -2.500000e+02
    endloop
  endfacet
  facet normal -9.384093e-01  3.455257e-01  0.000000e+00
    outer loop
      vertex   3.240000e+03  6.083590e+03 -2.500000e+02
      vertex   3.240000e+03  6.083590e+03  0.000000e+00
      vertex   3.560000e+03  6.952674e+03 -2.500000e+02
    endloop
  endfacet
  facet normal -9.384093e-01  3.455257e-01  0.000000e+00
    outer loop
      vertex   1.960000e+03  2.607253e+03  2.500000e+02
      vertex   1.960000e+03  2.607253e+03  5.000000e+02
      vertex   2.280000e+03  3.476337e+03  2.500000e+02
    endloop
  endfacet
  facet normal -9.384093e-01  3.455257e-01  0.000000e+00
    outer loop
      vertex   1.320000e+03  8.690843e+02  7.500000e+02
      vertex   1.320000e+03  8.690843e+02  1.000000e+03
      vertex   1.640000e+03  1.738169e+03  7.500000e+02
    endloop
  endfacet
  facet normal -9.384093e-01  3.455257e-01  0.000000e+00
    outer loop
      vertex   1.960000e+03  2.607253e+03  7.500000e+02
      vertex   1.960000e+03  2.607253e+03  1.000000e+03
      vertex   2.280000e+03  3.476337e+03  7.500000e+02
    endloop
  endfacet
  facet normal -9.384093e-01  3.455257e-01  0.000000e+00
    outer loop
      vertex   3.240000e+03  6.083590e+03  2.500000e+02
      vertex   3.240000e+03  6.083590e+03  5.000000e+02
      vertex   3.560000e+03  6.952674e+03  2.500000e+02
    endloop
  endfacet
  facet normal -9.384093e-01  3.455257e-01  0.000000e+00
    outer loop
      vertex   2.600000e+03  4.345421e+03  7.500000e+02
      vertex   2.600000e+03  4.345421e+03  1.000000e+03
      vertex   2.920000e+03  5.214506e+03  7.500000e+02
    endloop
  endfacet
  facet normal -9.384093e-01  3.455257e-01  0.000000e+00
    outer loop
      vertex   3.240000e+03  6.083590e+03  7.500000e+02
      vertex   3.240000e+03  6.083590e+03  1.000000e+03
      vertex   3.560000e+03  6.952674e+03  7.500000e+02
    endloop
  endfacet
  facet normal -1.000000e+00  0.000000e+00  0.000000e+00
    outer loop
      vertex   3.560000e+03  1.370330e+04  7.500000e+02
      vertex   3.560000e+03  1.273892e+04  7.500000e+02
      vertex   3.560000e+03  1.370330e+04  1.000000e+03
    endloop
  endfacet
  facet normal -1.000000e+00  0.000000e+00  0.000000e+00
    outer loop
      vertex   3.560000e+03  1.177455e+04  2.500000e+02
      vertex   3.560000e+03  1.081017e+04  2.500000e+02
      vertex   3.560000e+03  1.177455e+04  5.000000e+02
    endloop
  endfacet
  facet normal -1.000000e+00  0.000000e+00  0.000000e+00
    outer loop
      vertex   3.560000e+03  1.177455e+04  7.500000e+02
      vertex   3.560000e+03  1.081017e+04  7.500000e+02
      vertex   3.560000e+03  1.177455e+04  1.000000e+03
    endloop
  endfacet
  facet normal -1.000000e+00  0.000000e+00  0.000000e+00
    outer loop
      vertex   3.560000e+03  9.845800e+03 -2.500000e+02
      vertex   3.560000e+03  8.881425e+03 -2.500000e+02
      vertex   3.560000e+03  9.845800e+03  0.000000e+00
    endloop
  endfacet
  facet normal -1.000000e+00  0.000000e+00  0.000000e+00
    outer loop
      vertex   3.560000e+03  7.917050e+03 -7.500000e+02
      vertex   3.560000e+03  6.952674e+03 -7.500000e+02
      vertex   3.560000e+03  7.917050e+03 -5.000000e+02
    endloop
  endfacet
  facet normal -1.000000e+00  0.000000e+00  0.000000e+00
    outer loop
      vertex   3.560000e+03  7.917050e+03 -2.500000e+02
      vertex   3.560000e+03  6.952674e+03 -2.500000e+02
      vertex   3.560000e+03  7.917050e+03  0.000000e+00
    endloop
  endfacet
  facet normal -1.000000e+00  0.000000e+00  0.000000e+00
    outer loop
      vertex   3.560000e+03  9.845800e+03  7.500000e+02
      vertex   3.560000e+03  8.881425e+03  7.500000e+02
      vertex   3.560000e+03  9.845800e+03  1.000000e+03
    endloop
  endfacet
  facet normal -1.000000e+00  0.000000e+00  0.000000e+00
    outer loop
      vertex   3.560000e+03  7.917050e+03  2.500000e+02
      vertex   3.560000e+03  6.952674e+03  2.500000e+02
      vertex   3.560000e+03  7.917050e+03  5.000000e+02
    endloop
  endfacet
  facet normal -1.000000e+00  0.000000e+00  0.000000e+00
    outer loop
      vertex   3.560000e+03  7.917050e+03  7.500000e+02
      vertex   3.560000e+03  6.952674e+03  7.500000e+02
      vertex   3.560000e+03  7.917050e+03  1.000000e+03
    endloop
  endfacet
  facet normal -1.000000e+00  0.000000e+00  0.000000e+00
    outer loop
      vertex   3.560000e+03  1.370330e+04 -1.000000e+03
      vertex   3.560000e+03  1.370330e+04 -7.500000e+02
      vertex   3.560000e+03  1.466767e+04 -7.500000e+02
    endloop
  endfacet
  facet normal -1.000000e+00  0.000000e+00  0.000000e+00
    outer loop
      vertex   3.560000e+03  1.177455e+04 -1.000000e+03
      vertex   3.560000e+03  1.177455e+04 -7.500000e+02
      vertex   3.560000e+03  1.273892e+04 -7.500000e+02
    endloop
  endfacet
  facet normal -1.000000e+00  0.000000e+00  0.000000e+00
    outer loop
      vertex   3.560000e+03  1.370330e+04 -5.000000e+02
      vertex   3.560000e+03  1.370330e+04 -2.500000e+02
      vertex   3.560000e+03  1.466767e+04 -2.500000e+02
    endloop
  endfacet
  facet normal -1.000000e+00  0.000000e+00  0.000000e+00
    outer loop
      vertex   3.560000e+03  9.845800e+03 -1.000000e+03
      vertex   3.560000e+03  9.845800e+03 -7.500000e+02
      vertex   3.560000e+03  1.081017e+04 -7.500000e+02
    endloop
  endfacet
  facet normal -1.000000e+00  0.000000e+00  0.000000e+00
    outer loop
      vertex   3.560000e+03  7.917050e+03 -1.000000e+03
      vertex   3.560000e+03  7.917050e+03 -7.500000e+02
      vertex   3.560000e+03  8.881425e+03 -7.500000e+02
    endloop
  endfacet
  facet normal -1.000000e+00  0.000000e+00  0.000000e+00
    outer loop
      vertex   3.560000e+03  9.845800e+03 -5.000000e+02
      vertex   3.560000e+03  9.845800e+03 -2.500000e+02
      vertex   3.560000e+03  1.081017e+04 -2.500000e+02
    endloop
  endfacet
  facet normal -1.000000e+00  0.000000e+00  0.000000e+00
    outer loop
      vertex   3.560000e+03  1.370330e+04  0.000000e+00
      vertex   3.560000e+03  1.370330e+04  2.500000e+02
      vertex   3.560000e+03  1.466767e+04  2.500000e+02
    endloop
  endfacet
  facet normal -1.000000e+00  0.000000e+00  0.000000e+00
    outer loop
      vertex   3.560000e+03  1.177455e+04  0.000000e+00
      vertex   3.560000e+03  1.177455e+04  2.500000e+02
      vertex   3.560000e+03  1.273892e+04  2.500000e+02
    endloop
  endfacet
  facet normal -1.000000e+00  0.000000e+00  0.000000e+00
    outer loop
      vertex   3.560000e+03  1.370330e+04  5.000000e+02
      vertex   3.560000e+03  1.370330e+04  7.500000e+02
      vertex   3.560000e+03  1.466767e+04  7.500000e+02
    endloop
  endfacet
  facet normal -9.384093e-01 -3.455258e-01  0.000000e+00
    outer loop
      vertex  -3.240000e+03  6.083590e+03 -1.000000e+03
      vertex  -2.920000e+03  5.214506e+03 -7.500000e+02
      vertex  -3.240000e+03  6.083590e+03 -7.500000e+02
    endloop
  endfacet
  facet normal -9.384093e-01 -3.455257e-01  0.000000e+00
    outer loop
      vertex  -2.600000e+03  4.345421e+03 -1.000000e+03
      vertex  -2.280000e+03  3.476337e+03 -7.500000e+02
      vertex  -2.600000e+03  4.345421e+03 -7.500000e+02
    endloop
  endfacet
  facet normal -9.384093e-01 -3.455257e-01  0.000000e+00
    outer loop
      vertex  -2.600000e+03  4.345421e+03 -5.000000e+02
      vertex  -2.280000e+03  3.476337e+03 -2.500000e+02
      vertex  -2.600000e+03  4.345421e+03 -2.500000e+02
    endloop
  endfacet
  facet normal -9.384093e-01 -3.455257e-01  0.000000e+00
    outer loop
      vertex  -1.960000e+03  2.607253e+03 -1.000000e+03
      vertex  -1.640000e+03  1.738169e+03 -7.500000e+02
      vertex  -1.960000e+03  2.607253e+03 -7.500000e+02
    endloop
  endfacet
  facet normal -9.384093e-01 -3.455257e-01  0.000000e+00
    outer loop
      vertex  -1.320000e+03  8.690843e+02 -1.000000e+03
      vertex  -1.000000e+03  0.000000e+00 -7.500000e+02
      vertex  -1.320000e+03  8.690843e+02 -7.500000e+02
    endloop
  endfacet
  facet normal -9.384093e-01 -3.455257e-01  0.000000e+00
    outer loop
      vertex  -1.320000e+03  8.690843e+02 -5.000000e+02
      vertex  -1.000000e+03  0.000000e+00 -2.500000e+02
      vertex  -1.320000e+03  8.690843e+02 -2.500000e+02
    endloop
  endfacet
  facet normal -9.384093e-01 -3.455257e-01  0.000000e+00
    outer loop
      vertex  -1.960000e+03  2.607253e+03  0.000000e+00
      vertex  -1.640000e+03  1.738169e+03  2.500000e+02
      vertex  -1.960000e+03  2.607253e+03  2.500000e+02
    endloop
  endfacet
  facet normal -9.384093e-01 -3.455257e-01  0.000000e+00
    outer loop
      vertex  -1.320000e+03  8.690843e+02  0.000000e+00
      vertex  -1.000000e+03  0.000000e+00  2.500000e+02
      vertex  -1.320000e+03  8.690843e+02  2.500000e+02
    endloop
  endfacet
  facet normal -9.384093e-01 -3.455257e-01  0.000000e+00
    outer loop
      vertex  -1.320000e+03  8.690843e+02  5.000000e+02
      vertex  -1.000000e+03  0.000000e+00  7.500000e+02
      vertex  -1.320000e+03  8.690843e+02  7.500000e+02
    endloop
  endfacet
  facet normal -9.384093e-01 -3.455257e-01  0.000000e+00
    outer loop
      vertex  -3.240000e+03  6.083590e+03 -7.500000e+02
      vertex  -3.240000e+03  6.083590e+03 -5.000000e+02
      vertex  -3.560000e+03  6.952674e+03 -7.500000e+02
    endloop
  endfacet
  facet normal -9.384093e-01 -3.455257e-01  0.000000e+00
    outer loop
      vertex  -2.600000e+03  4.345421e+03 -2.500000e+02
      vertex  -2.600000e+03  4.345421e+03  0.000000e+00
      vertex  -2.920000e+03  5.214506e+03 -2.500000e+02
    endloop
  endfacet
  facet normal -9.384093e-01 -3.455257e-01  0.000000e+00
    outer loop
      vertex  -3.240000e+03  6.083590e+03 -2.500000e+02
      vertex  -3.240000e+03  6.083590e+03  0.000000e+00
      vertex  -3.560000e+03  6.952674e+03 -2.500000e+02
    endloop
  endfacet
  facet normal -9.384093e-01 -3.455257e-01  0.000000e+00
    outer loop
      vertex  -1.960000e+03  2.607253e+03  2.500000e+02
      vertex  -1.960000e+03  2.607253e+03  5.000000e+02
      vertex  -2.280000e+03  3.476337e+03  2.500000e+02
    endloop
  endfacet
  facet normal -9.384093e-01 -3.455257e-01  0.000000e+00
    outer loop
      vertex  -1.320000e+03  8.690843e+02  7.500000e+02
      vertex  -1.320000e+03  8.690843e+02  1.000000e+03
      vertex  -1.640000e+03  1.738169e+03  7.500000e+02
    endloop
  endfacet
  facet normal -9.384093e-01 -3.455257e-01  0.000000e+00
    outer loop
      vertex  -1.960000e+03  2.607253e+03  7.500000e+02
      vertex  -1.960000e+03  2.607253e+03  1.000000e+03
      vertex  -2.280000e+03  3.476337e+03  7.500000e+02
    endloop
  endfacet
  facet normal -9.384093e-01 -3.455257e-01  0.000000e+00
    outer loop
      vertex  -3.240000e+03  6.083590e+03  2.500000e+02
      vertex  -3.240000e+03  6.083590e+03  5.000000e+02
      vertex  -3.560000e+03  6.952674e+03  2.500000e+02
    endloop
  endfacet
  facet normal -9.384093e-01 -3.455257e-01  0.000000e+00
    outer loop
      vertex  -2.600000e+03  4.345421e+03  7.500000e+02
      vertex  -2.600000e+03  4.345421e+03  1.000000e+03
      vertex  -2.920000e+03  5.214506e+03  7.500000e+02
    endloop
  endfacet
  facet normal -9.384093e-01 -3.455257e-01  0.000000e+00
    outer loop
      vertex  -3.240000e+03  6.083590e+03  7.500000e+02
      vertex  -3.240000e+03  6.083590e+03  1.000000e+03
      vertex  -3.560000e+03  6.952674e+03  7.500000e+02
    endloop
  endfacet
  facet normal -1.000000e+00  0.000000e+00  0.000000e+00
    outer loop
      vertex  -3.560000e+03  1.370330e+04  7.500000e+02
      vertex  -3.560000e+03  1.273892e+04  7.500000e+02
      vertex  -3.560000e+03  1.370330e+04  1.000000e+03
    endloop
  endfacet
  facet normal -1.000000e+00  0.000000e+00  0.000000e+00
    outer loop
      vertex  -3.560000e+03  1.177455e+04  2.500000e+02
      vertex  -3.560000e+03  1.081017e+04  2.500000e+02
      vertex  -3.560000e+03  1.177455e+04  5.000000e+02
    endloop
  endfacet
  facet normal -1.000000e+00  0.000000e+00  0.000000e+00
    outer loop
      vertex  -3.560000e+03  1.177455e+04  7.500000e+02
      vertex  -3.560000e+03  1.081017e+04  7.500000e+02
      vertex  -3.560000e+03  1.177455e+04  1.000000e+03
    endloop
  endfacet
  facet normal -1.000000e+00  0.000000e+00  0.000000e+00
    outer loop
      vertex  -3.560000e+03  9.845800e+03 -2.500000e+02
      vertex  -3.560000e+03  8.881425e+03 -2.500000e+02
      vertex  -3.560000e+03  9.845800e+03  0.000000e+00
    endloop
  endfacet
  facet normal -1.000000e+00  0.000000e+00  0.000000e+00
    outer loop
      vertex  -3.560000e+03  7.917050e+03 -7.500000e+02
      vertex  -3.560000e+03  6.952674e+03 -7.500000e+02
      vertex  -3.560000e+03  7.917050e+03 -5.000000e+02
    endloop
  endfacet
  facet normal -1.000000e+00  0.000000e+00  0.000000e+00
    outer loop
      vertex  -3.560000e+03  7.917050e+03 -2.500000e+02
      vertex  -3.560000e+03  6.952674e+03 -2.500000e+02
      vertex  -3.560000e+03  7.917050e+03  0.000000e+00
    endloop
  endfacet
  facet normal -1.000000e+00  0.000000e+00  0.000000e+00
    outer loop
      vertex  -3.560000e+03  9.845800e+03  7.500000e+02
      vertex  -3.560000e+03  8.881425e+03  7.500000e+02
      vertex  -3.560000e+03  9.845800e+03  1.000000e+03
    endloop
  endfacet
  facet normal -1.000000e+00  0.000000e+00  0.000000e+00
    outer loop
      vertex  -3.560000e+03  7.917050e+03  2.500000e+02
      vertex  -3.560000e+03  6.952674e+03  2.500000e+02
      vertex  -3.560000e+03  7.917050e+03  5.000000e+02
    endloop
  endfacet
  facet normal -1.000000e+00  0.000000e+00  0.000000e+00
    outer loop
      vertex  -3.560000e+03  7.917050e+03  7.500000e+02
      vertex  -3.560000e+03  6.952674e+03  7.500000e+02
      vertex  -3.560000e+03  7.917050e+03  1.000000e+03
    endloop
  endfacet
  facet normal -1.000000e+00  0.000000e+00  0.000000e+00
    outer loop
      vertex  -3.560000e+03  1.370330e+04 -1.000000e+03
      vertex  -3.560000e+03  1.370330e+04 -7.500000e+02
      vertex  -3.560000e+03  1.466767e+04 -7.500000e+02
    endloop
  endfacet
  facet normal -1.000000e+00  0.000000e+00  0.000000e+00
    outer loop
      vertex  -3.560000e+03  1.177455e+04 -1.000000e+03
      vertex  -3.560000e+03  1.177455e+04 -7.500000e+02
      vertex  -3.560000e+03  1.273892e+04 -7.500000e+02
    endloop
  endfacet
  facet normal -1.000000e+00  0.000000e+00  0.000000e+00
    outer loop
      vertex  -3.560000e+03  1.370330e+04 -5.000000e+02
      vertex  -3.560000e+03  1.370330e+04 -2.500000e+02
      vertex  -3.560000e+03  1.466767e+04 -2.500000e+02
    endloop
  endfacet
  facet normal -1.000000e+00  0.000000e+00  0.000000e+00
    outer loop
      vertex  -3.560000e+03  9.845800e+03 -1.000000e+03
      vertex  -3.560000e+03  9.845800e+03 -7.500000e+02
      vertex  -3.560000e+03  1.081017e+04 -7.500000e+02
    endloop
  endfacet
  facet normal -1.000000e+00  0.000000e+00  0.000000e+00
    outer loop
      vertex  -3.560000e+03  7.917050e+03 -1.000000e+03
      vertex  -3.560000e+03  7.917050e+03 -7.500000e+02
      vertex  -3.560000e+03  8.881425e+03 -7.500000e+02
    endloop
  endfacet
  facet normal -1.000000e+00  0.000000e+00  0.000000e+00
    outer loop
      vertex  -3.560000e+03  9.845800e+03 -5.000000e+02
      vertex  -3.560000e+03  9.845800e+03 -2.500000e+02
      vertex  -3.560000e+03  1.081017e+04 -2.500000e+02
    endloop
  endfacet
  facet normal -1.000000e+00  0.000000e+00  0.000000e+00
    outer loop
      vertex  -3.560000e+03  1.370330e+04  0.000000e+00
      vertex  -3.560000e+03  1.370330e+04  2.500000e+02
      vertex  -3.560000e+03  1.466767e+04  2.500000e+02
    endloop
  endfacet
  facet normal -1.000000e+00  0.000000e+00  0.000000e+00
    outer loop
      vertex  -3.560000e+03  1.177455e+04  0.000000e+00
      vertex  -3.560000e+03  1.177455e+04  2.500000e+02
      vertex  -3.560000e+03  1.273892e+04  2.500000e+02
    endloop
  endfacet
  facet normal -1.000000e+00  0.000000e+00  0.000000e+00
    outer loop
      vertex  -3.560000e+03  1.370330e+04  5.000000e+02
      vertex  -3.560000e+03  1.370330e+04  7.500000e+02
      vertex  -3.560000e+03  1.466767e+04  7.500000e+02
    endloop
  endfacet
  facet normal -9.384093e-01  3.455257e-01  0.000000e+00
    outer loop
      vertex   1.640000e+03  1.738169e+03 -5.000000e+02
      vertex   1.640000e+03  1.738169e+03 -2.500000e+02
      vertex   1.960000e+03  2.607253e+03 -5.000000e+02
    endloop
  endfacet
  facet normal -9.384093e-01  3.455257e-01  0.000000e+00
    outer loop
      vertex   1.640000e+03  1.738169e+03 -2.500000e+02
      vertex   1.640000e+03  1.738169e+03  0.000000e+00
      vertex   1.960000e+03  2.607253e+03 -2.500000e+02
    endloop
  endfacet
  facet normal -9.384093e-01  3.455257e-01  0.000000e+00
    outer loop
      vertex   1.960000e+03  2.607253e+03 -5.000000e+02
      vertex   1.960000e+03  2.607253e+03 -2.500000e+02
      vertex   2.280000e+03  3.476337e+03 -5.000000e+02
    endloop
  endfacet
  facet normal -9.384093e-01  3.455257e-01  0.000000e+00
    outer loop
      vertex   2.280000e+03  3.476337e+03  5.000000e+02
      vertex   2.600000e+03  4.345421e+03  5.000000e+02
      vertex   2.600000e+03  4.345421e+03  2.500000e+02
    endloop
  endfacet
  facet normal -9.384093e-01  3.455257e-01  0.000000e+00
    outer loop
      vertex   2.600000e+03  4.345421e+03  5.000000e+02
      vertex   2.920000e+03  5.214506e+03  5.000000e+02
      vertex   2.920000e+03  5.214506e+03  2.500000e+02
    endloop
  endfacet
  facet normal -9.384093e-01  3.455257e-01  0.000000e+00
    outer loop
      vertex   2.600000e+03  4.345421e+03  2.500000e+02
      vertex   2.920000e+03  5.214506e+03  2.500000e+02
      vertex   2.920000e+03  5.214506e+03  0.000000e+00
    endloop
  endfacet
  facet normal -1.000000e+00  0.000000e+00  0.000000e+00
    outer loop
      vertex   3.560000e+03  8.881425e+03  0.000000e+00
      vertex   3.560000e+03  8.881425e+03  2.500000e+02
      vertex   3.560000e+03  9.845800e+03  2.500000e+02
    endloop
  endfacet
  facet normal -1.000000e+00  0.000000e+00  0.000000e+00
    outer loop
      vertex   3.560000e+03  8.881425e+03  2.500000e+02
      vertex   3.560000e+03  8.881425e+03  5.000000e+02
      vertex   3.560000e+03  9.845800e+03  5.000000e+02
    endloop
  endfacet
  facet normal -1.000000e+00  0.000000e+00  0.000000e+00
    outer loop
      vertex   3.560000e+03  9.845800e+03  2.500000e+02
      vertex   3.560000e+03  9.845800e+03  5.000000e+02
      vertex   3.560000e+03  1.081017e+04  5.000000e+02
    endloop
  endfacet
  facet normal -1.000000e+00  0.000000e+00  0.000000e+00
    outer loop
      vertex   3.560000e+03  1.081017e+04 -5.000000e+02
      vertex   3.560000e+03  1.177455e+04 -2.500000e+02
      vertex   3.560000e+03  1.177455e+04 -5.000000e+02
    endloop
  endfacet
  facet normal -1.000000e+00  0.000000e+00  0.000000e+00
    outer loop
      vertex   3.560000e+03  1.177455e+04 -2.500000e+02
      vertex   3.560000e+03  1.273892e+04  0.000000e+00
      vertex   3.560000e+03  1.273892e+04 -2.500000e+02
    endloop
  endfacet
  facet normal -1.000000e+00  0.000000e+00  0.000000e+00
    outer loop
      vertex   3.560000e+03  1.177455e+04 -5.000000e+02
      vertex   3.560000e+03  1.273892e+04 -2.500000e+02
      vertex   3.560000e+03  1.273892e+04 -5.000000e+02
    endloop
  endfacet
  facet normal -9.384093e-01 -3.455257e-01  0.000000e+00
    outer loop
      vertex  -1.640000e+03  1.738169e+03 -5.000000e+02
      vertex  -1.640000e+03  1.738169e+03 -2.500000e+02
      vertex  -1.960000e+03  2.607253e+03 -5.000000e+02
    endloop
  endfacet
  facet normal -9.384093e-01 -3.455257e-01  0.000000e+00
    outer loop
      vertex  -1.640000e+03  1.738169e+03 -2.500000e+02
      vertex  -1.640000e+03  1.738169e+03  0.000000e+00
      vertex  -1.960000e+03  2.607253e+03 -2.500000e+02
    endloop
  endfacet
  facet normal -9.384093e-01 -3.455257e-01  0.000000e+00
    outer loop
      vertex  -1.960000e+03  2.607253e+03 -5.000000e+02
      vertex  -1.960000e+03  2.607253e+03 -2.500000e+02
      vertex  -2.280000e+03  3.476337e+03 -5.000000e+02
    endloop
  endfacet
  facet normal -9.384093e-01 -3.455257e-01  0.000000e+00
    outer loop
      vertex  -2.280000e+03  3.476337e+03  5.000000e+02
      vertex  -2.600000e+03  4.345421e+03  5.000000e+02
      vertex  -2.600000e+03  4.345421e+03  2.500000e+02
    endloop
  endfacet
  facet normal -9.384093e-01 -3.455257e-01  0.000000e+00
    outer loop
      vertex  -2.600000e+03  4.345421e+03  5.000000e+02
      vertex  -2.920000e+03  5.214506e+03  5.000000e+02
      vertex  -2.920000e+03  5.214506e+03  2.500000e+02
    endloop
  endfacet
  facet normal -9.384093e-01 -3.455257e-01  0.000000e+00
    outer loop
      vertex  -2.600000e+03  4.345421e+03  2.500000e+02
      vertex  -2.920000e+03  5.214506e+03  2.500000e+02
      vertex  -2.920000e+03  5.214506e+03  0.000000e+00
    endloop
  endfacet
  facet normal -1.000000e+00  0.000000e+00  0.000000e+00
    outer loop
      vertex  -3.560000e+03  8.881425e+03  0.000000e+00
      vertex  -3.560000e+03  8.881425e+03  2.500000e+02
      vertex  -3.560000e+03  9.845800e+03  2.500000e+02
    endloop
  endfacet
  facet normal -1.000000e+00  0.000000e+00  0.000000e+00
    outer loop
      vertex  -3.560000e+03  8.881425e+03  2.500000e+02
      vertex  -3.560000e+03  8.881425e+03  5.000000e+02
      vertex  -3.560000e+03  9.845800e+03  5.000000e+02
    endloop
  endfacet
  facet normal -1.000000e+00  0.000000e+00  0.000000e+00
    outer loop
      vertex  -3.560000e+03  9.845800e+03  2.500000e+02
      vertex  -3.560000e+03  9.845800e+03  5.000000e+02
      vertex  -3.560000e+03  1.081017e+04  5.000000e+02
    endloop
  endfacet
  facet normal -1.000000e+00  0.000000e+00  0.000000e+00
    outer loop
      vertex  -3.560000e+03  1.081017e+04 -5.000000e+02
      vertex  -3.560000e+03  1.177455e+04 -2.500000e+02
      vertex  -3.560000e+03  1.177455e+04 -5.000000e+02
    endloop
  endfacet
  facet normal -1.000000e+00  0.000000e+00  0.000000e+00
    outer loop
      vertex  -3.560000e+03  1.177455e+04 -2.500000e+02
      vertex  -3.560000e+03  1.273892e+04  0.000000e+00
      vertex  -3.560000e+03  1.273892e+04 -2.500000e+02
    endloop
  endfacet
  facet normal -1.000000e+00  0.000000e+00  0.000000e+00
    outer loop
      vertex  -3.560000e+03  1.177455e+04 -5.000000e+02
      vertex  -3.560000e+03  1.273892e+04 -2.500000e+02
      vertex  -3.560000e+03  1.273892e+04 -5.000000e+02
    endloop
  endfacet
  facet normal -9.384093e-01  3.455257e-01  0.000000e+00
    outer loop
      vertex   2.920000e+03  5.214506e+03 -1.000000e+03
      vertex   2.600000e+03  4.345421e+03 -7.500000e+02
      vertex   2.920000e+03  5.214506e+03 -7.500000e+02
    endloop
  endfacet
  facet normal -9.384093e-01  3.455257e-01  0.000000e+00
    outer loop
      vertex   2.600000e+03  4.345421e+03 -7.500000e+02
      vertex   2.280000e+03  3.476337e+03 -5.000000e+02
      vertex   2.600000e+03  4.345421e+03 -5.000000e+02
    endloop
  endfacet
  facet normal -9.384093e-01  3.455257e-01  0.000000e+00
    outer loop
      vertex   2.920000e+03  5.214506e+03 -7.500000e+02
      vertex   2.600000e+03  4.345421e+03 -5.000000e+02
      vertex   2.920000e+03  5.214506e+03 -5.000000e+02
    endloop
  endfacet
  facet normal -9.384093e-01  3.455257e-01  0.000000e+00
    outer loop
      vertex   1.640000e+03  1.738169e+03 -1.000000e+03
      vertex   1.320000e+03  8.690843e+02 -7.500000e+02
      vertex   1.640000e+03  1.738169e+03 -7.500000e+02
    endloop
  endfacet
  facet normal -9.384093e-01  3.455257e-01  0.000000e+00
    outer loop
      vertex   1.320000e+03  8.690843e+02 -7.500000e+02
      vertex   1.000000e+03  0.000000e+00 -5.000000e+02
      vertex   1.320000e+03  8.690843e+02 -5.000000e+02
    endloop
  endfacet
  facet normal -9.384093e-01  3.455257e-01  0.000000e+00
    outer loop
      vertex   1.640000e+03  1.738169e+03 -7.500000e+02
      vertex   1.320000e+03  8.690843e+02 -5.000000e+02
      vertex   1.640000e+03  1.738169e+03 -5.000000e+02
    endloop
  endfacet
  facet normal -9.384093e-01  3.455257e-01  0.000000e+00
    outer loop
      vertex   1.640000e+03  1.738169e+03  0.000000e+00
      vertex   1.320000e+03  8.690843e+02  2.500000e+02
      vertex   1.640000e+03  1.738169e+03  2.500000e+02
    endloop
  endfacet
  facet normal -9.384093e-01  3.455257e-01  0.000000e+00
    outer loop
      vertex   1.320000e+03  8.690843e+02  2.500000e+02
      vertex   1.000000e+03  0.000000e+00  5.000000e+02
      vertex   1.320000e+03  8.690843e+02  5.000000e+02
    endloop
  endfacet
  facet normal -9.384093e-01  3.455257e-01  0.000000e+00
    outer loop
      vertex   1.640000e+03  1.738169e+03  2.500000e+02
      vertex   1.320000e+03  8.690843e+02  5.000000e+02
      vertex   1.640000e+03  1.738169e+03  5.000000e+02
    endloop
  endfacet
  facet normal -9.384093e-01  3.455258e-01  0.000000e+00
    outer loop
      vertex   2.920000e+03  5.214506e+03 -5.000000e+02
      vertex   2.920000e+03  5.214506e+03 -2.500000e+02
      vertex   3.240000e+03  6.083590e+03 -5.000000e+02
    endloop
  endfacet
  facet normal -9.384093e-01  3.455258e-01  0.000000e+00
    outer loop
      vertex   2.920000e+03  5.214506e+03 -2.500000e+02
      vertex   2.920000e+03  5.214506e+03  0.000000e+00
      vertex   3.240000e+03  6.083590e+03 -2.500000e+02
    endloop
  endfacet
  facet normal -9.384093e-01  3.455257e-01  0.000000e+00
    outer loop
      vertex   3.240000e+03  6.083590e+03 -5.000000e+02
      vertex   3.240000e+03  6.083590e+03 -2.500000e+02
      vertex   3.560000e+03  6.952674e+03 -5.000000e+02
    endloop
  endfacet
  facet normal -9.384093e-01  3.455257e-01  0.000000e+00
    outer loop
      vertex   1.640000e+03  1.738169e+03  5.000000e+02
      vertex   1.640000e+03  1.738169e+03  7.500000e+02
      vertex   1.960000e+03  2.607253e+03  5.000000e+02
    endloop
  endfacet
  facet normal -9.384093e-01  3.455257e-01  0.000000e+00
    outer loop
      vertex   1.640000e+03  1.738169e+03  7.500000e+02
      vertex   1.640000e+03  1.738169e+03  1.000000e+03
      vertex   1.960000e+03  2.607253e+03  7.500000e+02
    endloop
  endfacet
  facet normal -9.384093e-01  3.455257e-01  0.000000e+00
    outer loop
      vertex   1.960000e+03  2.607253e+03  5.000000e+02
      vertex   1.960000e+03  2.607253e+03  7.500000e+02
      vertex   2.280000e+03  3.476337e+03  5.000000e+02
    endloop
  endfacet
  facet normal -9.384093e-01  3.455258e-01  0.000000e+00
    outer loop
      vertex   2.920000e+03  5.214506e+03  5.000000e+02
      vertex   2.920000e+03  5.214506e+03  7.500000e+02
      vertex   3.240000e+03  6.083590e+03  5.000000e+02
    endloop
  endfacet
  facet normal -9.384093e-01  3.455258e-01  0.000000e+00
    outer loop
      vertex   2.920000e+03  5.214506e+03  7.500000e+02
      vertex   2.920000e+03  5.214506e+03  1.000000e+03
      vertex   3.240000e+03  6.083590e+03  7.500000e+02
    endloop
  endfacet
  facet normal -9.384093e-01  3.455257e-01  0.000000e+00
    outer loop
      vertex   3.240000e+03  6.083590e+03  5.000000e+02
      vertex   3.240000e+03  6.083590e+03  7.500000e+02
      vertex   3.560000e+03  6.952674e+03  5.000000e+02
    endloop
  endfacet
  facet normal -1.000000e+00  0.000000e+00  0.000000e+00
    outer loop
      vertex   3.560000e+03  1.273892e+04  5.000000e+02
      vertex   3.560000e+03  1.177455e+04  5.000000e+02
      vertex   3.560000e+03  1.273892e+04  7.500000e+02
    endloop
  endfacet
  facet normal -1.000000e+00  0.000000e+00  0.000000e+00
    outer loop
      vertex   3.560000e+03  1.177455e+04  5.000000e+02
      vertex   3.560000e+03  1.081017e+04  5.000000e+02
      vertex   3.560000e+03  1.177455e+04  7.500000e+02
    endloop
  endfacet
  facet normal -1.000000e+00  0.000000e+00  0.000000e+00
    outer loop
      vertex   3.560000e+03  1.273892e+04  7.500000e+02
      vertex   3.560000e+03  1.177455e+04  7.500000e+02
      vertex   3.560000e+03  1.273892e+04  1.000000e+03
    endloop
  endfacet
  facet normal -1.000000e+00  0.000000e+00  0.000000e+00
    outer loop
      vertex   3.560000e+03  8.881425e+03 -5.000000e+02
      vertex   3.560000e+03  7.917050e+03 -5.000000e+02
      vertex   3.560000e+03  8.881425e+03 -2.500000e+02
    endloop
  endfacet
  facet normal -1.000000e+00  0.000000e+00  0.000000e+00
    outer loop
      vertex   3.560000e+03  7.917050e+03 -5.000000e+02
      vertex   3.560000e+03  6.952674e+03 -5.000000e+02
      vertex   3.560000e+03  7.917050e+03 -2.500000e+02
    endloop
  endfacet
  facet normal -1.000000e+00  0.000000e+00  0.000000e+00
    outer loop
      vertex   3.560000e+03  8.881425e+03 -2.500000e+02
      vertex   3.560000e+03  7.917050e+03 -2.500000e+02
      vertex   3.560000e+03  8.881425e+03  0.000000e+00
    endloop
  endfacet
  facet normal -1.000000e+00  0.000000e+00  0.000000e+00
    outer loop
      vertex   3.560000e+03  8.881425e+03  5.000000e+02
      vertex   3.560000e+03  7.917050e+03  5.000000e+02
      vertex   3.560000e+03  8.881425e+03  7.500000e+02
    endloop
  endfacet
  facet normal -1.000000e+00  0.000000e+00  0.000000e+00
    outer loop
      vertex   3.560000e+03  7.917050e+03  5.000000e+02
      vertex   3.560000e+03  6.952674e+03  5.000000e+02
      vertex   3.560000e+03  7.917050e+03  7.500000e+02
    endloop
  endfacet
  facet normal -1.000000e+00  0.000000e+00  0.000000e+00
    outer loop
      vertex   3.560000e+03  8.881425e+03  7.500000e+02
      vertex   3.560000e+03  7.917050e+03  7.500000e+02
      vertex   3.560000e+03  8.881425e+03  1.000000e+03
    endloop
  endfacet
  facet normal -1.000000e+00  0.000000e+00  0.000000e+00
    outer loop
      vertex   3.560000e+03  1.273892e+04 -1.000000e+03
      vertex   3.560000e+03  1.273892e+04 -7.500000e+02
      vertex   3.560000e+03  1.370330e+04 -7.500000e+02
    endloop
  endfacet
  facet normal -1.000000e+00  0.000000e+00  0.000000e+00
    outer loop
      vertex   3.560000e+03  1.273892e+04 -7.500000e+02
      vertex   3.560000e+03  1.273892e+04 -5.000000e+02
      vertex   3.560000e+03  1.370330e+04 -5.000000e+02
    endloop
  endfacet
  facet normal -1.000000e+00  0.000000e+00  0.000000e+00
    outer loop
      vertex   3.560000e+03  1.370330e+04 -7.500000e+02
      vertex   3.560000e+03  1.370330e+04 -5.000000e+02
      vertex   3.560000e+03  1.466767e+04 -5.000000e+02
    endloop
  endfacet
  facet normal -1.000000e+00  0.000000e+00  0.000000e+00
    outer loop
      vertex   3.560000e+03  8.881425e+03 -1.000000e+03
      vertex   3.560000e+03  8.881425e+03 -7.500000e+02
      vertex   3.560000e+03  9.845800e+03 -7.500000e+02
    endloop
  endfacet
  facet normal -1.000000e+00  0.000000e+00  0.000000e+00
    outer loop
      vertex   3.560000e+03  8.881425e+03 -7.500000e+02
      vertex   3.560000e+03  8.881425e+03 -5.000000e+02
      vertex   3.560000e+03  9.845800e+03 -5.000000e+02
    endloop
  endfacet
  facet normal -1.000000e+00  0.000000e+00  0.000000e+00
    outer loop
      vertex   3.560000e+03  9.845800e+03 -7.500000e+02
      vertex   3.560000e+03  9.845800e+03 -5.000000e+02
      vertex   3.560000e+03  1.081017e+04 -5.000000e+02
    endloop
  endfacet
  facet normal -1.000000e+00  0.000000e+00  0.000000e+00
    outer loop
      vertex   3.560000e+03  1.273892e+04  0.000000e+00
      vertex   3.560000e+03  1.273892e+04  2.500000e+02
      vertex   3.560000e+03  1.370330e+04  2.500000e+02
    endloop
  endfacet
  facet normal -1.000000e+00  0.000000e+00  0.000000e+00
    outer loop
      vertex   3.560000e+03  1.273892e+04  2.500000e+02
      vertex   3.560000e+03  1.273892e+04  5.000000e+02
      vertex   3.560000e+03  1.370330e+04  5.000000e+02
    endloop
  endfacet
  facet normal -1.000000e+00  0.000000e+00  0.000000e+00
    outer loop
      vertex   3.560000e+03  1.370330e+04  2.500000e+02
      vertex   3.560000e+03  1.370330e+04  5.000000e+02
      vertex   3.560000e+03  1.466767e+04  5.000000e+02
    endloop
  endfacet
  facet normal -9.384093e-01 -3.455257e-01  0.000000e+00
    outer loop
      vertex  -2.920000e+03  5.214506e+03 -1.000000e+03
      vertex  -2.600000e+03  4.345421e+03 -7.500000e+02
      vertex  -2.920000e+03  5.214506e+03 -7.500000e+02
    endloop
  endfacet
  facet normal -9.384093e-01 -3.455257e-01  0.000000e+00
    outer loop
      vertex  -2.600000e+03  4.345421e+03 -7.500000e+02
      vertex  -2.280000e+03  3.476337e+03 -5.000000e+02
      vertex  -2.600000e+03  4.345421e+03 -5.000000e+02
    endloop
  endfacet
  facet normal -9.384093e-01 -3.455257e-01  0.000000e+00
    outer loop
      vertex  -2.920000e+03  5.214506e+03 -7.500000e+02
      vertex  -2.600000e+03  4.345421e+03 -5.000000e+02
      vertex  -2.920000e+03  5.214506e+03 -5.000000e+02
    endloop
  endfacet
  facet normal -9.384093e-01 -3.455257e-01  0.000000e+00
    outer loop
      vertex  -1.640000e+03  1.738169e+03 -1.000000e+03
      vertex  -1.320000e+03  8.690843e+02 -7.500000e+02
      vertex  -1.640000e+03  1.738169e+03 -7.500000e+02
    endloop
  endfacet
  facet normal -9.384093e-01 -3.455257e-01  0.000000e+00
    outer loop
      vertex  -1.320000e+03  8.690843e+02 -7.500000e+02
      vertex  -1.000000e+03  0.000000e+00 -5.000000e+02
      vertex  -1.320000e+03  8.690843e+02 -5.000000e+02
    endloop
  endfacet
  facet normal -9.384093e-01 -3.455257e-01  0.000000e+00
    outer loop
      vertex  -1.640000e+03  1.738169e+03 -7.500000e+02
      vertex  -1.320000e+03  8.690843e+02 -5.000000e+02
      vertex  -1.640000e+03  1.738169e+03 -5.000000e+02
    endloop
  endfacet
  facet normal -9.384093e-01 -3.455257e-01  0.000000e+00
    outer loop
      vertex  -1.640000e+03  1.738169e+03  0.000000e+00
      vertex  -1.320000e+03  8.690843e+02  2.500000e+02
      vertex  -1.640000e+03  1.738169e+03  2.500000e+02
    endloop
  endfacet
  facet normal -9.384093e-01 -3.455257e-01  0.000000e+00
    outer loop
      vertex  -1.320000e+03  8.690843e+02  2.500000e+02
      vertex  -1.000000e+03  0.000000e+00  5.000000e+02
      vertex  -1.320000e+03  8.690843e+02  5.000000e+02
    endloop
  endfacet
  facet normal -9.384093e-01 -3.455257e-01  0.000000e+00
    outer loop
      vertex  -1.640000e+03  1.738169e+03  2.500000e+02
      vertex  -1.320000e+03  8.690843e+02  5.000000e+02
      vertex  -1.640000e+03  1.738169e+03  5.000000e+02
    endloop
  endfacet
  facet normal -9.384093e-01 -3.455258e-01  0.000000e+00
    outer loop
      vertex  -2.920000e+03  5.214506e+03 -5.000000e+02
      vertex  -2.920000e+03  5.214506e+03 -2.500000e+02
      vertex  -3.240000e+03  6.083590e+03 -5.000000e+02
    endloop
  endfacet
  facet normal -9.384093e-01 -3.455258e-01  0.000000e+00
    outer loop
      vertex  -2.920000e+03  5.214506e+03 -2.500000e+02
      vertex  -2.920000e+03  5.214506e+03  0.000000e+00
      vertex  -3.240000e+03  6.083590e+03 -2.500000e+02
    endloop
  endfacet
  facet normal -9.384093e-01 -3.455257e-01  0.000000e+00
    outer loop
      vertex  -3.240000e+03  6.083590e+03 -5.000000e+02
      vertex  -3.240000e+03  6.083590e+03 -2.500000e+02
      vertex  -3.560000e+03  6.952674e+03 -5.000000e+02
    endloop
  endfacet
  facet normal -9.384093e-01 -3.455257e-01  0.000000e+00
    outer loop
      vertex  -1.640000e+03  1.738169e+03  5.000000e+02
      vertex  -1.640000e+03  1.738169e+03  7.500000e+02
      vertex  -1.960000e+03  2.607253e+03  5.000000e+02
    endloop
  endfacet
  facet normal -9.384093e-01 -3.455257e-01  0.000000e+00
    outer loop
      vertex  -1.640000e+03  1.738169e+03  7.500000e+02
      vertex  -1.640000e+03  1.738169e+03  1.000000e+03
      vertex  -1.960000e+03  2.607253e+03  7.500000e+02
    endloop
  endfacet
  facet normal -9.384093e-01 -3.455257e-01  0.000000e+00
    outer loop
      vertex  -1.960000e+03  2.607253e+03  5.000000e+02
      vertex  -1.960000e+03  2.607253e+03  7.500000e+02
      vertex  -2.280000e+03  3.476337e+03  5.000000e+02
    endloop
  endfacet
  facet normal -9.384093e-01 -3.455258e-01  0.000000e+00
    outer loop
      vertex  -2.920000e+03  5.214506e+03  5.000000e+02
      vertex  -2.920000e+03  5.214506e+03  7.500000e+02
      vertex  -3.240000e+03  6.083590e+03  5.000000e+02
    endloop
  endfacet
  facet normal -9.384093e-01 -3.455258e-01  0.000000e+00
    outer loop
      vertex  -2.920000e+03  5.214506e+03  7.500000e+02
      vertex  -2.920000e+03  5.214506e+03  1.000000e+03
      vertex  -3.240000e+03  6.083590e+03  7.500000e+02
    endloop
  endfacet
  facet normal -9.384093e-01 -3.455257e-01  0.000000e+00
    outer loop
      vertex  -3.240000e+03  6.083590e+03  5.000000e+02
      vertex  -3.240000e+03  6.083590e+03  7.500000e+02
      vertex  -3.560000e+03  6.952674e+03  5.000000e+02
    endloop
  endfacet
  facet normal -1.000000e+00  0.000000e+00  0.000000e+00
    outer loop
      vertex  -3.560000e+03  1.273892e+04  5.000000e+02
      vertex  -3.560000e+03  1.177455e+04  5.000000e+02
      vertex  -3.560000e+03  1.273892e+04  7.500000e+02
    endloop
  endfacet
  facet normal -1.000000e+00  0.000000e+00  0.000000e+00
    outer loop
      vertex  -3.560000e+03  1.177455e+04  5.000000e+02
      vertex  -3.560000e+03  1.081017e+04  5.000000e+02
      vertex  -3.560000e+03  1.177455e+04  7.500000e+02
    endloop
  endfacet
  facet normal -1.000000e+00  0.000000e+00  0.000000e+00
    outer loop
      vertex  -3.560000e+03  1.273892e+04  7.500000e+02
      vertex  -3.560000e+03  1.177455e+04  7.500000e+02
      vertex  -3.560000e+03  1.273892e+04  1.000000e+03
    endloop
  endfacet
  facet normal -1.000000e+00  0.000000e+00  0.000000e+00
    outer loop
      vertex  -3.560000e+03  8.881425e+03 -5.000000e+02
      vertex  -3.560000e+03  7.917050e+03 -5.000000e+02
      vertex  -3.560000e+03  8.881425e+03 -2.500000e+02
    endloop
  endfacet
  facet normal -1.000000e+00  0.000000e+00  0.000000e+00
    outer loop
      vertex  -3.560000e+03  7.917050e+03 -5.000000e+02
      vertex  -3.560000e+03  6.952674e+03 -5.000000e+02
      vertex  -3.560000e+03  7.917050e+03 -2.500000e+02
    endloop
  endfacet
  facet normal -1.000000e+00  0.000000e+00  0.000000e+00
    outer loop
      vertex  -3.560000e+03  8.881425e+03 -2.500000e+02
      vertex  -3.560000e+03  7.917050e+03 -2.500000e+02
      vertex  -3.560000e+03  8.881425e+03  0.000000e+00
    endloop
  endfacet
  facet normal -1.000000e+00  0.000000e+00  0.000000e+00
    outer loop
      vertex  -3.560000e+03  8.881425e+03  5.000000e+02
      vertex  -3.560000e+03  7.917050e+03  5.000000e+02
      vertex  -3.560000e+03  8.881425e+03  7.500000e+02
    endloop
  endfacet
  facet normal -1.000000e+00  0.000000e+00  0.000000e+00
    outer loop
      vertex  -3.560000e+03  7.917050e+03  5.000000e+02
      vertex  -3.560000e+03  6.952674e+03  5.000000e+02
      vertex  -3.560000e+03  7.917050e+03  7.500000e+02
    endloop
  endfacet
  facet normal -1.000000e+00  0.000000e+00  0.000000e+00
    outer loop
      vertex  -3.560000e+03  8.881425e+03  7.500000e+02
      vertex  -3.560000e+03  7.917050e+03  7.500000e+02
      vertex  -3.560000e+03  8.881425e+03  1.000000e+03
    endloop
  endfacet
  facet normal -1.000000e+00  0.000000e+00  0.000000e+00
    outer loop
      vertex  -3.560000e+03  1.273892e+04 -1.000000e+03
      vertex  -3.560000e+03  1.273892e+04 -7.500000e+02
      vertex  -3.560000e+03  1.370330e+04 -7.500000e+02
    endloop
  endfacet
  facet normal -1.000000e+00  0.000000e+00  0.000000e+00
    outer loop
      vertex  -3.560000e+03  1.273892e+04 -7.500000e+02
      vertex  -3.560000e+03  1.273892e+04 -5.000000e+02
      vertex  -3.560000e+03  1.370330e+04 -5.000000e+02
    endloop
  endfacet
  facet normal -1.000000e+00  0.000000e+00  0.000000e+00
    outer loop
      vertex  -3.560000e+03  1.370330e+04 -7.500000e+02
      vertex  -3.560000e+03  1.370330e+04 -5.000000e+02
      vertex  -3.560000e+03  1.466767e+04 -5.000000e+02
    endloop
  endfacet
  facet normal -1.000000e+00  0.000000e+00  0.000000e+00
    outer loop
      vertex  -3.560000e+03  8.881425e+03 -1.000000e+03
      vertex  -3.560000e+03  8.881425e+03 -7.500000e+02
      vertex  -3.560000e+03  9.845800e+03 -7.500000e+02
    endloop
  endfacet
  facet normal -1.000000e+00  0.000000e+00  0.000000e+00
    outer loop
      vertex  -3.560000e+03  8.881425e+03 -7.500000e+02
      vertex  -3.560000e+03  8.881425e+03 -5.000000e+02
      vertex  -3.560000e+03  9.845800e+03 -5.000000e+02
    endloop
  endfacet
  facet normal -1.000000e+00  0.000000e+00  0.000000e+00
    outer loop
      vertex  -3.560000e+03  9.845800e+03 -7.500000e+02
      vertex  -3.560000e+03  9.845800e+03 -5.000000e+02
      vertex  -3.560000e+03  1.081017e+04 -5.000000e+02
    endloop
  endfacet
  facet normal -1.000000e+00  0.000000e+00  0.000000e+00
    outer loop
      vertex  -3.560000e+03  1.273892e+04  0.000000e+00
      vertex  -3.560000e+03  1.273892e+04  2.500000e+02
      vertex  -3.560000e+03  1.370330e+04  2.500000e+02
    endloop
  endfacet
  facet normal -1.000000e+00  0.000000e+00  0.000000e+00
    outer loop
      vertex  -3.560000e+03  1.273892e+04  2.500000e+02
      vertex  -3.560000e+03  1.273892e+04  5.000000e+02
      vertex  -3.560000e+03  1.370330e+04  5.000000e+02
    endloop
  endfacet
  facet normal -1.000000e+00  0.000000e+00  0.000000e+00
    outer loop
      vertex  -3.560000e+03  1.370330e+04  2.500000e+02
      vertex  -3.560000e+03  1.370330e+04  5.000000e+02
      vertex  -3.560000e+03  1.466767e+04  5.000000e+02
    endloop
  endfacet
  facet normal -9.384093e-01  3.455257e-01  0.000000e+00
    outer loop
      vertex   2.280000e+03  3.476337e+03 -1.000000e+03
      vertex   1.960000e+03  2.607253e+03 -7.500000e+02
      vertex   2.280000e+03  3.476337e+03 -7.500000e+02
    endloop
  endfacet
  facet normal -9.384093e-01  3.455257e-01  0.000000e+00
    outer loop
      vertex   1.960000e+03  2.607253e+03 -7.500000e+02
      vertex   1.640000e+03  1.738169e+03 -5.000000e+02
      vertex   1.960000e+03  2.607253e+03 -5.000000e+02
    endloop
  endfacet
  facet normal -9.384093e-01  3.455257e-01  0.000000e+00
    outer loop
      vertex   2.280000e+03  3.476337e+03 -7.500000e+02
      vertex   1.960000e+03  2.607253e+03 -5.000000e+02
      vertex   2.280000e+03  3.476337e+03 -5.000000e+02
    endloop
  endfacet
  facet normal -9.384093e-01  3.455257e-01  0.000000e+00
    outer loop
      vertex   1.640000e+03  1.738169e+03 -5.000000e+02
      vertex   1.320000e+03  8.690843e+02 -2.500000e+02
      vertex   1.640000e+03  1.738169e+03 -2.500000e+02
    endloop
  endfacet
  facet normal -9.384093e-01  3.455257e-01  0.000000e+00
    outer loop
      vertex   1.320000e+03  8.690843e+02 -2.500000e+02
      vertex   1.000000e+03  0.000000e+00  0.000000e+00
      vertex   1.320000e+03  8.690843e+02  0.000000e+00
    endloop
  endfacet
  facet normal -9.384093e-01  3.455257e-01  0.000000e+00
    outer loop
      vertex   1.640000e+03  1.738169e+03 -2.500000e+02
      vertex   1.320000e+03  8.690843e+02  0.000000e+00
      vertex   1.640000e+03  1.738169e+03  0.000000e+00
    endloop
  endfacet
  facet normal -9.384093e-01  3.455257e-01  0.000000e+00
    outer loop
      vertex   2.280000e+03  3.476337e+03 -5.000000e+02
      vertex   1.960000e+03  2.607253e+03 -2.500000e+02
      vertex   2.280000e+03  3.476337e+03 -2.500000e+02
    endloop
  endfacet
  facet normal -9.384093e-01  3.455257e-01  0.000000e+00
    outer loop
      vertex   1.960000e+03  2.607253e+03 -2.500000e+02
      vertex   1.640000e+03  1.738169e+03  0.000000e+00
      vertex   1.960000e+03  2.607253e+03  0.000000e+00
    endloop
  endfacet
  facet normal -9.384093e-01  3.455257e-01  0.000000e+00
    outer loop
      vertex   2.280000e+03  3.476337e+03 -2.500000e+02
      vertex   1.960000e+03  2.607253e+03  0.000000e+00
      vertex   2.280000e+03  3.476337e+03  0.000000e+00
    endloop
  endfacet
  facet normal -9.384093e-01  3.455257e-01  0.000000e+00
    outer loop
      vertex   2.280000e+03  3.476337e+03  0.000000e+00
      vertex   2.280000e+03  3.476337e+03  2.500000e+02
      vertex   2.600000e+03  4.345421e+03  0.000000e+00
    endloop
  endfacet
  facet normal -9.384093e-01  3.455257e-01  0.000000e+00
    outer loop
      vertex   2.280000e+03  3.476337e+03  2.500000e+02
      vertex   2.280000e+03  3.476337e+03  5.000000e+02
      vertex   2.600000e+03  4.345421e+03  2.500000e+02
    endloop
  endfacet
  facet normal -9.384093e-01  3.455257e-01  0.000000e+00
    outer loop
      vertex   2.600000e+03  4.345421e+03  0.000000e+00
      vertex   2.600000e+03  4.345421e+03  2.500000e+02
      vertex   2.920000e+03  5.214506e+03  0.000000e+00
    endloop
  endfacet
  facet normal -9.384093e-01  3.455257e-01  0.000000e+00
    outer loop
      vertex   2.280000e+03  3.476337e+03  5.000000e+02
      vertex   2.280000e+03  3.476337e+03  7.500000e+02
      vertex   2.600000e+03  4.345421e+03  5.000000e+02
    endloop
  endfacet
  facet normal -9.384093e-01  3.455257e-01  0.000000e+00
    outer loop
      vertex   2.280000e+03  3.476337e+03  7.500000e+02
      vertex   2.280000e+03  3.476337e+03  1.000000e+03
      vertex   2.600000e+03  4.345421e+03  7.500000e+02
    endloop
  endfacet
  facet normal -9.384093e-01  3.455257e-01  0.000000e+00
    outer loop
      vertex   2.600000e+03  4.345421e+03  5.000000e+02
      vertex   2.600000e+03  4.345421e+03  7.500000e+02
      vertex   2.920000e+03  5.214506e+03  5.000000e+02
    endloop
  endfacet
  facet normal -9.384093e-01  3.455258e-01  0.000000e+00
    outer loop
      vertex   2.920000e+03  5.214506e+03  0.000000e+00
      vertex   2.920000e+03  5.214506e+03  2.500000e+02
      vertex   3.240000e+03  6.083590e+03  0.000000e+00
    endloop
  endfacet
  facet normal -9.384093e-01  3.455258e-01  0.000000e+00
    outer loop
      vertex   2.920000e+03  5.214506e+03  2.500000e+02
      vertex   2.920000e+03  5.214506e+03  5.000000e+02
      vertex   3.240000e+03  6.083590e+03  2.500000e+02
    endloop
  endfacet
  facet normal -9.384093e-01  3.455257e-01  0.000000e+00
    outer loop
      vertex   3.240000e+03  6.083590e+03  0.000000e+00
      vertex   3.240000e+03  6.083590e+03  2.500000e+02
      vertex   3.560000e+03  6.952674e+03  0.000000e+00
    endloop
  endfacet
  facet normal -1.000000e+00  0.000000e+00  0.000000e+00
    outer loop
      vertex   3.560000e+03  1.081017e+04  0.000000e+00
      vertex   3.560000e+03  9.845800e+03  0.000000e+00
      vertex   3.560000e+03  1.081017e+04  2.500000e+02
    endloop
  endfacet
  facet normal -1.000000e+00  0.000000e+00  0.000000e+00
    outer loop
      vertex   3.560000e+03  9.845800e+03  0.000000e+00
      vertex   3.560000e+03  8.881425e+03  0.000000e+00
      vertex   3.560000e+03  9.845800e+03  2.500000e+02
    endloop
  endfacet
  facet normal -1.000000e+00  0.000000e+00  0.000000e+00
    outer loop
      vertex   3.560000e+03  1.081017e+04  2.500000e+02
      vertex   3.560000e+03  9.845800e+03  2.500000e+02
      vertex   3.560000e+03  1.081017e+04  5.000000e+02
    endloop
  endfacet
  facet normal -1.000000e+00  0.000000e+00  0.000000e+00
    outer loop
      vertex   3.560000e+03  8.881425e+03  0.000000e+00
      vertex   3.560000e+03  7.917050e+03  0.000000e+00
      vertex   3.560000e+03  8.881425e+03  2.500000e+02
    endloop
  endfacet
  facet normal -1.000000e+00  0.000000e+00  0.000000e+00
    outer loop
      vertex   3.560000e+03  7.917050e+03  0.000000e+00
      vertex   3.560000e+03  6.952674e+03  0.000000e+00
      vertex   3.560000e+03  7.917050e+03  2.500000e+02
    endloop
  endfacet
  facet normal -1.000000e+00  0.000000e+00  0.000000e+00
    outer loop
      vertex   3.560000e+03  8.881425e+03  2.500000e+02
      vertex   3.560000e+03  7.917050e+03  2.500000e+02
      vertex   3.560000e+03  8.881425e+03  5.000000e+02
    endloop
  endfacet
  facet normal -1.000000e+00  0.000000e+00  0.000000e+00
    outer loop
      vertex   3.560000e+03  1.081017e+04  5.000000e+02
      vertex   3.560000e+03  9.845800e+03  5.000000e+02
      vertex   3.560000e+03  1.081017e+04  7.500000e+02
    endloop
  endfacet
  facet normal -1.000000e+00  0.000000e+00  0.000000e+00
    outer loop
      vertex   3.560000e+03  9.845800e+03  5.000000e+02
      vertex   3.560000e+03  8.881425e+03  5.000000e+02
      vertex   3.560000e+03  9.845800e+03  7.500000e+02
    endloop
  endfacet
  facet normal -1.000000e+00  0.000000e+00  0.000000e+00
    outer loop
      vertex   3.560000e+03  1.081017e+04  7.500000e+02
      vertex   3.560000e+03  9.845800e+03  7.500000e+02
      vertex   3.560000e+03  1.081017e+04  1.000000e+03
    endloop
  endfacet
  facet normal -1.000000e+00  0.000000e+00  0.000000e+00
    outer loop
      vertex   3.560000e+03  1.081017e+04 -1.000000e+03
      vertex   3.560000e+03  1.081017e+04 -7.500000e+02
      vertex   3.560000e+03  1.177455e+04 -7.500000e+02
    endloop
  endfacet
  facet normal -1.000000e+00  0.000000e+00  0.000000e+00
    outer loop
      vertex   3.560000e+03  1.081017e+04 -7.500000e+02
      vertex   3.560000e+03  1.081017e+04 -5.000000e+02
      vertex   3.560000e+03  1.177455e+04 -5.000000e+02
    endloop
  endfacet
  facet normal -1.000000e+00  0.000000e+00  0.000000e+00
    outer loop
      vertex   3.560000e+03  1.177455e+04 -7.500000e+02
      vertex   3.560000e+03  1.177455e+04 -5.000000e+02
      vertex   3.560000e+03  1.273892e+04 -5.000000e+02
    endloop
  endfacet
  facet normal -1.000000e+00  0.000000e+00  0.000000e+00
    outer loop
      vertex   3.560000e+03  1.081017e+04 -5.000000e+02
      vertex   3.560000e+03  1.081017e+04 -2.500000e+02
      vertex   3.560000e+03  1.177455e+04 -2.500000e+02
    endloop
  endfacet
  facet normal -1.000000e+00  0.000000e+00  0.000000e+00
    outer loop
      vertex   3.560000e+03  1.081017e+04 -2.500000e+02
      vertex   3.560000e+03  1.081017e+04  0.000000e+00
      vertex   3.560000e+03  1.177455e+04  0.000000e+00
    endloop
  endfacet
  facet normal -1.000000e+00  0.000000e+00  0.000000e+00
    outer loop
      vertex   3.560000e+03  1.177455e+04 -2.500000e+02
      vertex   3.560000e+03  1.177455e+04  0.000000e+00
      vertex   3.560000e+03  1.273892e+04  0.000000e+00
    endloop
  endfacet
  facet normal -1.000000e+00  0.000000e+00  0.000000e+00
    outer loop
      vertex   3.560000e+03  1.273892e+04 -5.000000e+02
      vertex   3.560000e+03  1.273892e+04 -2.500000e+02
      vertex   3.560000e+03  1.370330e+04 -2.500000e+02
    endloop
  endfacet
  facet normal -1.000000e+00  0.000000e+00  0.000000e+00
    outer loop
      vertex   3.560000e+03  1.273892e+04 -2.500000e+02
      vertex   3.560000e+03  1.273892e+04  0.000000e+00
      vertex   3.560000e+03  1.370330e+04  0.000000e+00
    endloop
  endfacet
  facet normal -1.000000e+00  0.000000e+00  0.000000e+00
    outer loop
      vertex   3.560000e+03  1.370330e+04 -2.500000e+02
      vertex   3.560000e+03  1.370330e+04  0.000000e+00
      vertex   3.560000e+03  1.466767e+04  0.000000e+00
    endloop
  endfacet
  facet normal -9.384093e-01 -3.455257e-01  0.000000e+00
    outer loop
      vertex  -2.280000e+03  3.476337e+03 -1.000000e+03
      vertex  -1.960000e+03  2.607253e+03 -7.500000e+02
      vertex  -2.280000e+03  3.476337e+03 -7.500000e+02
    endloop
  endfacet
  facet normal -9.384093e-01 -3.455257e-01  0.000000e+00
    outer loop
      vertex  -1.960000e+03  2.607253e+03 -7.500000e+02
      vertex  -1.640000e+03  1.738169e+03 -5.000000e+02
      vertex  -1.960000e+03  2.607253e+03 -5.000000e+02
    endloop
  endfacet
  facet normal -9.384093e-01 -3.455257e-01  0.000000e+00
    outer loop
      vertex  -2.280000e+03  3.476337e+03 -7.500000e+02
      vertex  -1.960000e+03  2.607253e+03 -5.000000e+02
      vertex  -2.280000e+03  3.476337e+03 -5.000000e+02
    endloop
  endfacet
  facet normal -9.384093e-01 -3.455257e-01  0.000000e+00
    outer loop
      vertex  -1.640000e+03  1.738169e+03 -5.000000e+02
      vertex  -1.320000e+03  8.690843e+02 -2.500000e+02
      vertex  -1.640000e+03  1.738169e+03 -2.500000e+02
    endloop
  endfacet
  facet normal -9.384093e-01 -3.455257e-01  0.000000e+00
    outer loop
      vertex  -1.320000e+03  8.690843e+02 -2.500000e+02
      vertex  -1.000000e+03  0.000000e+00  0.000000e+00
      vertex  -1.320000e+03  8.690843e+02  0.000000e+00
    endloop
  endfacet
  facet normal -9.384093e-01 -3.455257e-01  0.000000e+00
    outer loop
      vertex  -1.640000e+03  1.738169e+03 -2.500000e+02
      vertex  -1.320000e+03  8.690843e+02  0.000000e+00
      vertex  -1.640000e+03  1.738169e+03  0.000000e+00
    endloop
  endfacet
  facet normal -9.384093e-01 -3.455257e-01  0.000000e+00
    outer loop
      vertex  -2.280000e+03  3.476337e+03 -5.000000e+02
      vertex  -1.960000e+03  2.607253e+03 -2.500000e+02
      vertex  -2.280000e+03  3.476337e+03 -2.500000e+02
    endloop
  endfacet
  facet normal -9.384093e-01 -3.455257e-01  0.000000e+00
    outer loop
      vertex  -1.960000e+03  2.607253e+03 -2.500000e+02
      vertex  -1.640000e+03  1.738169e+03  0.000000e+00
      vertex  -1.960000e+03  2.607253e+03  0.000000e+00
    endloop
  endfacet
  facet normal -9.384093e-01 -3.455257e-01  0.000000e+00
    outer loop
      vertex  -2.280000e+03  3.476337e+03 -2.500000e+02
      vertex  -1.960000e+03  2.607253e+03  0.000000e+00
      vertex  -2.280000e+03  3.476337e+03  0.000000e+00
    endloop
  endfacet
  facet normal -9.384093e-01 -3.455257e-01  0.000000e+00
    outer loop
      vertex  -2.280000e+03  3.476337e+03  0.000000e+00
      vertex  -2.280000e+03  3.476337e+03  2.500000e+02
      vertex  -2.600000e+03  4.345421e+03  0.000000e+00
    endloop
  endfacet
  facet normal -9.384093e-01 -3.455257e-01  0.000000e+00
    outer loop
      vertex  -2.280000e+03  3.476337e+03  2.500000e+02
      vertex  -2.280000e+03  3.476337e+03  5.000000e+02
      vertex  -2.600000e+03  4.345421e+03  2.500000e+02
    endloop
  endfacet
  facet normal -9.384093e-01 -3.455257e-01  0.000000e+00
    outer loop
      vertex  -2.600000e+03  4.345421e+03  0.000000e+00
      vertex  -2.600000e+03  4.345421e+03  2.500000e+02
      vertex  -2.920000e+03  5.214506e+03  0.000000e+00
    endloop
  endfacet
  facet normal -9.384093e-01 -3.455257e-01  0.000000e+00
    outer loop
      vertex  -2.280000e+03  3.476337e+03  5.000000e+02
      vertex  -2.280000e+03  3.476337e+03  7.500000e+02
      vertex  -2.600000e+03  4.345421e+03  5.000000e+02
    endloop
  endfacet
  facet normal -9.384093e-01 -3.455257e-01  0.000000e+00
    outer loop
      vertex  -2.280000e+03  3.476337e+03  7.500000e+02
      vertex  -2.280000e+03  3.476337e+03  1.000000e+03
      vertex  -2.600000e+03  4.345421e+03  7.500000e+02
    endloop
  endfacet
  facet normal -9.384093e-01 -3.455257e-01  0.000000e+00
    outer loop
      vertex  -2.600000e+03  4.345421e+03  5.000000e+02
      vertex  -2.600000e+03  4.345421e+03  7.500000e+02
      vertex  -2.920000e+03  5.214506e+03  5.000000e+02
    endloop
  endfacet
  facet normal -9.384093e-01 -3.455258e-01  0.000000e+00
    outer loop
      vertex  -2.920000e+03  5.214506e+03  0.000000e+00
      vertex  -2.920000e+03  5.214506e+03  2.500000e+02
      vertex  -3.240000e+03  6.083590e+03  0.000000e+00
    endloop
  endfacet
  facet normal -9.384093e-01 -3.455258e-01  0.000000e+00
    outer loop
      vertex  -2.920000e+03  5.214506e+03  2.500000e+02
      vertex  -2.920000e+03  5.214506e+03  5.000000e+02
      vertex  -3.240000e+03  6.083590e+03  2.500000e+02
    endloop
  endfacet
  facet normal -9.384093e-01 -3.455257e-01  0.000000e+00
    outer loop
      vertex  -3.240000e+03  6.083590e+03  0.000000e+00
      vertex  -3.240000e+03  6.083590e+03  2.500000e+02
      vertex  -3.560000e+03  6.952674e+03  0.000000e+00
    endloop
  endfacet
  facet normal -1.000000e+00  0.000000e+00  0.000000e+00
    outer loop
      vertex  -3.560000e+03  1.081017e+04  0.000000e+00
      vertex  -3.560000e+03  9.845800e+03  0.000000e+00
      vertex  -3.560000e+03  1.081017e+04  2.500000e+02
    endloop
  endfacet
  facet normal -1.000000e+00  0.000000e+00  0.000000e+00
    outer loop
      vertex  -3.560000e+03  9.845800e+03  0.000000e+00
      vertex  -3.560000e+03  8.881425e+03  0.000000e+00
      vertex  -3.560000e+03  9.845800e+03  2.500000e+02
    endloop
  endfacet
  facet normal -1.000000e+00  0.000000e+00  0.000000e+00
    outer loop
      vertex  -3.560000e+03  1.081017e+04  2.500000e+02
      vertex  -3.560000e+03  9.845800e+03  2.500000e+02
      vertex  -3.560000e+03  1.081017e+04  5.000000e+02
    endloop
  endfacet
  facet normal -1.000000e+00  0.000000e+00  0.000000e+00
    outer loop
      vertex  -3.560000e+03  8.881425e+03  0.000000e+00
      vertex  -3.560000e+03  7.917050e+03  0.000000e+00
      vertex  -3.560000e+03  8.881425e+03  2.500000e+02
    endloop
  endfacet
  facet normal -1.000000e+00  0.000000e+00  0.000000e+00
    outer loop
      vertex  -3.560000e+03  7.917050e+03  0.000000e+00
      vertex  -3.560000e+03  6.952674e+03  0.000000e+00
      vertex  -3.560000e+03  7.917050e+03  2.500000e+02
    endloop
  endfacet
  facet normal -1.000000e+00  0.000000e+00  0.000000e+00
    outer loop
      vertex  -3.560000e+03  8.881425e+03  2.500000e+02
      vertex  -3.560000e+03  7.917050e+03  2.500000e+02
      vertex  -3.560000e+03  8.881425e+03  5.000000e+02
    endloop
  endfacet
  facet normal -1.000000e+00  0.000000e+00  0.000000e+00
    outer loop
      vertex  -3.560000e+03  1.081017e+04  5.000000e+02
      vertex  -3.560000e+03  9.845800e+03  5.000000e+02
      vertex  -3.560000e+03  1.081017e+04  7.500000e+02
    endloop
  endfacet
  facet normal -1.000000e+00  0.000000e+00  0.000000e+00
    outer loop
      vertex  -3.560000e+03  9.845800e+03  5.000000e+02
      vertex  -3.560000e+03  8.881425e+03  5.000000e+02
      vertex  -3.560000e+03  9.845800e+03  7.500000e+02
    endloop
  endfacet
  facet normal -1.000000e+00  0.000000e+00  0.000000e+00
    outer loop
      vertex  -3.560000e+03  1.081017e+04  7.500000e+02
      vertex  -3.560000e+03  9.845800e+03  7.500000e+02
      vertex  -3.560000e+03  1.081017e+04  1.000000e+03
    endloop
  endfacet
  facet normal -1.000000e+00  0.000000e+00  0.000000e+00
    outer loop
      vertex  -3.560000e+03  1.081017e+04 -1.000000e+03
      vertex  -3.560000e+03  1.081017e+04 -7.500000e+02
      vertex  -3.560000e+03  1.177455e+04 -7.500000e+02
    endloop
  endfacet
  facet normal -1.000000e+00  0.000000e+00  0.000000e+00
    outer loop
      vertex  -3.560000e+03  1.081017e+04 -7.500000e+02
      vertex  -3.560000e+03  1.081017e+04 -5.000000e+02
      vertex  -3.560000e+03  1.177455e+04 -5.000000e+02
    endloop
  endfacet
  facet normal -1.000000e+00  0.000000e+00  0.000000e+00
    outer loop
      vertex  -3.560000e+03  1.177455e+04 -7.500000e+02
      vertex  -3.560000e+03  1.177455e+04 -5.000000e+02
      vertex  -3.560000e+03  1.273892e+04 -5.000000e+02
    endloop
  endfacet
  facet normal -1.000000e+00  0.000000e+00  0.000000e+00
    outer loop
      vertex  -3.560000e+03  1.081017e+04 -5.000000e+02
      vertex  -3.560000e+03  1.081017e+04 -2.500000e+02
      vertex  -3.560000e+03  1.177455e+04 -2.500000e+02
    endloop
  endfacet
  facet normal -1.000000e+00  0.000000e+00  0.000000e+00
    outer loop
      vertex  -3.560000e+03  1.081017e+04 -2.500000e+02
      vertex  -3.560000e+03  1.081017e+04  0.000000e+00
      vertex  -3.560000e+03  1.177455e+04  0.000000e+00
    endloop
  endfacet
  facet normal -1.000000e+00  0.000000e+00  0.000000e+00
    outer loop
      vertex  -3.560000e+03  1.177455e+04 -2.500000e+02
      vertex  -3.560000e+03  1.177455e+04  0.000000e+00
      vertex  -3.560000e+03  1.273892e+04  0.000000e+00
    endloop
  endfacet
  facet normal -1.000000e+00  0.000000e+00  0.000000e+00
    outer loop
      vertex  -3.560000e+03  1.273892e+04 -5.000000e+02
      vertex  -3.560000e+03  1.273892e+04 -2.500000e+02
      vertex  -3.560000e+03  1.370330e+04 -2.500000e+02
    endloop
  endfacet
  facet normal -1.000000e+00  0.000000e+00  0.000000e+00
    outer loop
      vertex  -3.560000e+03  1.273892e+04 -2.500000e+02
      vertex  -3.560000e+03  1.273892e+04  0.000000e+00
      vertex  -3.560000e+03  1.370330e+04  0.000000e+00
    endloop
  endfacet
  facet normal -1.000000e+00  0.000000e+00  0.000000e+00
    outer loop
      vertex  -3.560000e+03  1.370330e+04 -2.500000e+02
      vertex  -3.560000e+03  1.370330e+04  0.000000e+00
      vertex  -3.560000e+03  1.466767e+04  0.000000e+00
    endloop
  endfacet
  facet normal -9.384093e-01  3.455257e-01  0.000000e+00
    outer loop
      vertex   3.560000e+03  6.952674e+03 -1.000000e+03
      vertex   3.240000e+03  6.083590e+03 -1.000000e+03
      vertex   3.240000e+03  6.083590e+03 -7.500000e+02
    endloop
  endfacet
  facet normal -9.384093e-01  3.455258e-01  0.000000e+00
    outer loop
      vertex   3.240000e+03  6.083590e+03 -1.000000e+03
      vertex   2.920000e+03  5.214506e+03 -1.000000e+03
      vertex   2.920000e+03  5.214506e+03 -7.500000e+02
    endloop
  endfacet
  facet normal -9.384093e-01  3.455258e-01  0.000000e+00
    outer loop
      vertex   3.240000e+03  6.083590e+03 -7.500000e+02
      vertex   2.920000e+03  5.214506e+03 -7.500000e+02
      vertex   2.920000e+03  5.214506e+03 -5.000000e+02
    endloop
  endfacet
  facet normal -9.384093e-01  3.455257e-01  0.000000e+00
    outer loop
      vertex   2.920000e+03  5.214506e+03 -1.000000e+03
      vertex   2.600000e+03  4.345421e+03 -1.000000e+03
      vertex   2.600000e+03  4.345421e+03 -7.500000e+02
    endloop
  endfacet
  facet normal -9.384093e-01  3.455257e-01  0.000000e+00
    outer loop
      vertex   2.600000e+03  4.345421e+03 -1.000000e+03
      vertex   2.280000e+03  3.476337e+03 -1.000000e+03
      vertex   2.280000e+03  3.476337e+03 -7.500000e+02
    endloop
  endfacet
  facet normal -9.384093e-01  3.455257e-01  0.000000e+00
    outer loop
      vertex   2.600000e+03  4.345421e+03 -7.500000e+02
      vertex   2.280000e+03  3.476337e+03 -7.500000e+02
      vertex   2.280000e+03  3.476337e+03 -5.000000e+02
    endloop
  endfacet
  facet normal -9.384093e-01  3.455257e-01  0.000000e+00
    outer loop
      vertex   2.920000e+03  5.214506e+03 -5.000000e+02
      vertex   2.600000e+03  4.345421e+03 -5.000000e+02
      vertex   2.600000e+03  4.345421e+03 -2.500000e+02
    endloop
  endfacet
  facet normal -9.384093e-01  3.455257e-01  0.000000e+00
    outer loop
      vertex   2.600000e+03  4.345421e+03 -5.000000e+02
      vertex   2.280000e+03  3.476337e+03 -5.000000e+02
      vertex   2.280000e+03  3.476337e+03 -2.500000e+02
    endloop
  endfacet
  facet normal -9.384093e-01  3.455257e-01  0.000000e+00
    outer loop
      vertex   2.600000e+03  4.345421e+03 -2.500000e+02
      vertex   2.280000e+03  3.476337e+03 -2.500000e+02
      vertex   2.280000e+03  3.476337e+03  0.000000e+00
    endloop
  endfacet
  facet normal -9.384093e-01  3.455257e-01  0.000000e+00
    outer loop
      vertex   2.280000e+03  3.476337e+03 -1.000000e+03
      vertex   1.960000e+03  2.607253e+03 -1.000000e+03
      vertex   1.960000e+03  2.607253e+03 -7.500000e+02
    endloop
  endfacet
  facet normal -9.384093e-01  3.455257e-01  0.000000e+00
    outer loop
      vertex   1.960000e+03  2.607253e+03 -1.000000e+03
      vertex   1.640000e+03  1.738169e+03 -1.000000e+03
      vertex   1.640000e+03  1.738169e+03 -7.500000e+02
    endloop
  endfacet
  facet normal -9.384093e-01  3.455257e-01  0.000000e+00
    outer loop
      vertex   1.960000e+03  2.607253e+03 -7.500000e+02
      vertex   1.640000e+03  1.738169e+03 -7.500000e+02
      vertex   1.640000e+03  1.738169e+03 -5.000000e+02
    endloop
  endfacet
  facet normal -9.384093e-01  3.455257e-01  0.000000e+00
    outer loop
      vertex   1.640000e+03  1.738169e+03 -1.000000e+03
      vertex   1.320000e+03  8.690843e+02 -1.000000e+03
      vertex   1.320000e+03  8.690843e+02 -7.500000e+02
    endloop
  endfacet
  facet normal -9.384093e-01  3.455257e-01  0.000000e+00
    outer loop
      vertex   1.320000e+03  8.690843e+02 -1.000000e+03
      vertex   1.000000e+03  0.000000e+00 -1.000000e+03
      vertex   1.000000e+03  0.000000e+00 -7.500000e+02
    endloop
  endfacet
  facet normal -9.384093e-01  3.455257e-01  0.000000e+00
    outer loop
      vertex   1.320000e+03  8.690843e+02 -7.500000e+02
      vertex   1.000000e+03  0.000000e+00 -7.500000e+02
      vertex   1.000000e+03  0.000000e+00 -5.000000e+02
    endloop
  endfacet
  facet normal -9.384093e-01  3.455257e-01  0.000000e+00
    outer loop
      vertex   1.640000e+03  1.738169e+03 -5.000000e+02
      vertex   1.320000e+03  8.690843e+02 -5.000000e+02
      vertex   1.320000e+03  8.690843e+02 -2.500000e+02
    endloop
  endfacet
  facet normal -9.384093e-01  3.455257e-01  0.000000e+00
    outer loop
      vertex   1.320000e+03  8.690843e+02 -5.000000e+02
      vertex   1.000000e+03  0.000000e+00 -5.000000e+02
      vertex   1.000000e+03  0.000000e+00 -2.500000e+02
    endloop
  endfacet
  facet normal -9.384093e-01  3.455257e-01  0.000000e+00
    outer loop
      vertex   1.320000e+03  8.690843e+02 -2.500000e+02
      vertex   1.000000e+03  0.000000e+00 -2.500000e+02
      vertex   1.000000e+03  0.000000e+00  0.000000e+00
    endloop
  endfacet
  facet normal -9.384093e-01  3.455257e-01  0.000000e+00
    outer loop
      vertex   2.280000e+03  3.476337e+03  0.000000e+00
      vertex   1.960000e+03  2.607253e+03  0.000000e+00
      vertex   1.960000e+03  2.607253e+03  2.500000e+02
    endloop
  endfacet
  facet normal -9.384093e-01  3.455257e-01  0.000000e+00
    outer loop
      vertex   1.960000e+03  2.607253e+03  0.000000e+00
      vertex   1.640000e+03  1.738169e+03  0.000000e+00
      vertex   1.640000e+03  1.738169e+03  2.500000e+02
    endloop
  endfacet
  facet normal -9.384093e-01  3.455257e-01  0.000000e+00
    outer loop
      vertex   1.960000e+03  2.607253e+03  2.500000e+02
      vertex   1.640000e+03  1.738169e+03  2.500000e+02
      vertex   1.640000e+03  1.738169e+03  5.000000e+02
    endloop
  endfacet
  facet normal -9.384093e-01  3.455257e-01  0.000000e+00
    outer loop
      vertex   1.640000e+03  1.738169e+03  0.000000e+00
      vertex   1.320000e+03  8.690843e+02  0.000000e+00
      vertex   1.320000e+03  8.690843e+02  2.500000e+02
    endloop
  endfacet
  facet normal -9.384093e-01  3.455257e-01  0.000000e+00
    outer loop
      vertex   1.320000e+03  8.690843e+02  0.000000e+00
      vertex   1.000000e+03  0.000000e+00  0.000000e+00
      vertex   1.000000e+03  0.000000e+00  2.500000e+02
    endloop
  endfacet
  facet normal -9.384093e-01  3.455257e-01  0.000000e+00
    outer loop
      vertex   1.320000e+03  8.690843e+02  2.500000e+02
      vertex   1.000000e+03  0.000000e+00  2.500000e+02
      vertex   1.000000e+03  0.000000e+00  5.000000e+02
    endloop
  endfacet
  facet normal -9.384093e-01  3.455257e-01  0.000000e+00
    outer loop
      vertex   1.640000e+03  1.738169e+03  5.000000e+02
      vertex   1.320000e+03  8.690843e+02  5.000000e+02
      vertex   1.320000e+03  8.690843e+02  7.500000e+02
    endloop
  endfacet
  facet normal -9.384093e-01  3.455257e-01  0.000000e+00
    outer loop
      vertex   1.320000e+03  8.690843e+02  5.000000e+02
      vertex   1.000000e+03  0.000000e+00  5.000000e+02
      vertex   1.000000e+03  0.000000e+00  7.500000e+02
    endloop
  endfacet
  facet normal -9.384093e-01  3.455257e-01  0.000000e+00
    outer loop
      vertex   1.320000e+03  8.690843e+02  7.500000e+02
      vertex   1.000000e+03  0.000000e+00  7.500000e+02
      vertex   1.000000e+03  0.000000e+00  1.000000e+03
    endloop
  endfacet
  facet normal -9.384093e-01  3.455257e-01  0.000000e+00
    outer loop
      vertex   3.560000e+03  6.952674e+03 -1.000000e+03
      vertex   3.240000e+03  6.083590e+03 -7.500000e+02
      vertex   3.560000e+03  6.952674e+03 -7.500000e+02
    endloop
  endfacet
  facet normal -9.384093e-01  3.455258e-01  0.000000e+00
    outer loop
      vertex   3.240000e+03  6.083590e+03 -7.500000e+02
      vertex   2.920000e+03  5.214506e+03 -5.000000e+02
      vertex   3.240000e+03  6.083590e+03 -5.000000e+02
    endloop
  endfacet
  facet normal -9.384093e-01  3.455257e-01  0.000000e+00
    outer loop
      vertex   3.560000e+03  6.952674e+03 -7.500000e+02
      vertex   3.240000e+03  6.083590e+03 -5.000000e+02
      vertex   3.560000e+03  6.952674e+03 -5.000000e+02
    endloop
  endfacet
  facet normal -9.384093e-01  3.455257e-01  0.000000e+00
    outer loop
      vertex   2.920000e+03  5.214506e+03 -5.000000e+02
      vertex   2.600000e+03  4.345421e+03 -2.500000e+02
      vertex   2.920000e+03  5.214506e+03 -2.500000e+02
    endloop
  endfacet
  facet normal -9.384093e-01  3.455257e-01  0.000000e+00
    outer loop
      vertex   2.600000e+03  4.345421e+03 -2.500000e+02
      vertex   2.280000e+03  3.476337e+03  0.000000e+00
      vertex   2.600000e+03  4.345421e+03  0.000000e+00
    endloop
  endfacet
  facet normal -9.384093e-01  3.455257e-01  0.000000e+00
    outer loop
      vertex   2.920000e+03  5.214506e+03 -2.500000e+02
      vertex   2.600000e+03  4.345421e+03  0.000000e+00
      vertex   2.920000e+03  5.214506e+03  0.000000e+00
    endloop
  endfacet
  facet normal -9.384093e-01  3.455257e-01  0.000000e+00
    outer loop
      vertex   3.560000e+03  6.952674e+03 -5.000000e+02
      vertex   3.240000e+03  6.083590e+03 -2.500000e+02
      vertex   3.560000e+03  6.952674e+03 -2.500000e+02
    endloop
  endfacet
  facet normal -9.384093e-01  3.455258e-01  0.000000e+00
    outer loop
      vertex   3.240000e+03  6.083590e+03 -2.500000e+02
      vertex   2.920000e+03  5.214506e+03  0.000000e+00
      vertex   3.240000e+03  6.083590e+03  0.000000e+00
    endloop
  endfacet
  facet normal -9.384093e-01  3.455257e-01  0.000000e+00
    outer loop
      vertex   3.560000e+03  6.952674e+03 -2.500000e+02
      vertex   3.240000e+03  6.083590e+03  0.000000e+00
      vertex   3.560000e+03  6.952674e+03  0.000000e+00
    endloop
  endfacet
  facet normal -9.384093e-01  3.455257e-01  0.000000e+00
    outer loop
      vertex   2.280000e+03  3.476337e+03  0.000000e+00
      vertex   1.960000e+03  2.607253e+03  2.500000e+02
      vertex   2.280000e+03  3.476337e+03  2.500000e+02
    endloop
  endfacet
  facet normal -9.384093e-01  3.455257e-01  0.000000e+00
    outer loop
      vertex   1.960000e+03  2.607253e+03  2.500000e+02
      vertex   1.640000e+03  1.738169e+03  5.000000e+02
      vertex   1.960000e+03  2.607253e+03  5.000000e+02
    endloop
  endfacet
  facet normal -9.384093e-01  3.455257e-01  0.000000e+00
    outer loop
      vertex   2.280000e+03  3.476337e+03  2.500000e+02
      vertex   1.960000e+03  2.607253e+03  5.000000e+02
      vertex   2.280000e+03  3.476337e+03  5.000000e+02
    endloop
  endfacet
  facet normal -9.384093e-01  3.455257e-01  0.000000e+00
    outer loop
      vertex   1.640000e+03  1.738169e+03  5.000000e+02
      vertex   1.320000e+03  8.690843e+02  7.500000e+02
      vertex   1.640000e+03  1.738169e+03  7.500000e+02
    endloop
  endfacet
  facet normal -9.384093e-01  3.455257e-01  0.000000e+00
    outer loop
      vertex   1.320000e+03  8.690843e+02  7.500000e+02
      vertex   1.000000e+03  0.000000e+00  1.000000e+03
      vertex   1.320000e+03  8.690843e+02  1.000000e+03
    endloop
  endfacet
  facet normal -9.384093e-01  3.455257e-01  0.000000e+00
    outer loop
      vertex   1.640000e+03  1.738169e+03  7.500000e+02
      vertex   1.320000e+03  8.690843e+02  1.000000e+03
      vertex   1.640000e+03  1.738169e+03  1.000000e+03
    endloop
  endfacet
  facet normal -9.384093e-01  3.455257e-01  0.000000e+00
    outer loop
      vertex   2.280000e+03  3.476337e+03  5.000000e+02
      vertex   1.960000e+03  2.607253e+03  7.500000e+02
      vertex   2.280000e+03  3.476337e+03  7.500000e+02
    endloop
  endfacet
  facet normal -9.384093e-01  3.455257e-01  0.000000e+00
    outer loop
      vertex   1.960000e+03  2.607253e+03  7.500000e+02
      vertex   1.640000e+03  1.738169e+03  1.000000e+03
      vertex   1.960000e+03  2.607253e+03  1.000000e+03
    endloop
  endfacet
  facet normal -9.384093e-01  3.455257e-01  0.000000e+00
    outer loop
      vertex   2.280000e+03  3.476337e+03  7.500000e+02
      vertex   1.960000e+03  2.607253e+03  1.000000e+03
      vertex   2.280000e+03  3.476337e+03  1.000000e+03
    endloop
  endfacet
  facet normal -9.384093e-01  3.455257e-01  0.000000e+00
    outer loop
      vertex   3.560000e+03  6.952674e+03  0.000000e+00
      vertex   3.240000e+03  6.083590e+03  2.500000e+02
      vertex   3.560000e+03  6.952674e+03  2.500000e+02
    endloop
  endfacet
  facet normal -9.384093e-01  3.455258e-01  0.000000e+00
    outer loop
      vertex   3.240000e+03  6.083590e+03  2.500000e+02
      vertex   2.920000e+03  5.214506e+03  5.000000e+02
      vertex   3.240000e+03  6.083590e+03  5.000000e+02
    endloop
  endfacet
  facet normal -9.384093e-01  3.455257e-01  0.000000e+00
    outer loop
      vertex   3.560000e+03  6.952674e+03  2.500000e+02
      vertex   3.240000e+03  6.083590e+03  5.000000e+02
      vertex   3.560000e+03  6.952674e+03  5.000000e+02
    endloop
  endfacet
  facet normal -9.384093e-01  3.455257e-01  0.000000e+00
    outer loop
      vertex   2.920000e+03  5.214506e+03  5.000000e+02
      vertex   2.600000e+03  4.345421e+03  7.500000e+02
      vertex   2.920000e+03  5.214506e+03  7.500000e+02
    endloop
  endfacet
  facet normal -9.384093e-01  3.455257e-01  0.000000e+00
    outer loop
      vertex   2.600000e+03  4.345421e+03  7.500000e+02
      vertex   2.280000e+03  3.476337e+03  1.000000e+03
      vertex   2.600000e+03  4.345421e+03  1.000000e+03
    endloop
  endfacet
  facet normal -9.384093e-01  3.455257e-01  0.000000e+00
    outer loop
      vertex   2.920000e+03  5.214506e+03  7.500000e+02
      vertex   2.600000e+03  4.345421e+03  1.000000e+03
      vertex   2.920000e+03  5.214506e+03  1.000000e+03
    endloop
  endfacet
  facet normal -9.384093e-01  3.455257e-01  0.000000e+00
    outer loop
      vertex   3.560000e+03  6.952674e+03  5.000000e+02
      vertex   3.240000e+03  6.083590e+03  7.500000e+02
      vertex   3.560000e+03  6.952674e+03  7.500000e+02
    endloop
  endfacet
  facet normal -9.384093e-01  3.455258e-01  0.000000e+00
    outer loop
      vertex   3.240000e+03  6.083590e+03  7.500000e+02
      vertex   2.920000e+03  5.214506e+03  1.000000e+03
      vertex   3.240000e+03  6.083590e+03  1.000000e+03
    endloop
  endfacet
  facet normal -9.384093e-01  3.455257e-01  0.000000e+00
    outer loop
      vertex   3.560000e+03  6.952674e+03  7.500000e+02
      vertex   3.240000e+03  6.083590e+03  1.000000e+03
      vertex   3.560000e+03  6.952674e+03  1.000000e+03
    endloop
  endfacet
  facet normal -1.000000e+00 -0.000000e+00  0.000000e+00
    outer loop
      vertex   3.560000e+03  1.466767e+04  1.000000e+03
      vertex   3.560000e+03  1.370330e+04  7.500000e+02
      vertex   3.560000e+03  1.370330e+04  1.000000e+03
    endloop
  endfacet
  facet normal -1.000000e+00 -0.000000e+00  0.000000e+00
    outer loop
      vertex   3.560000e+03  1.370330e+04  7.500000e+02
      vertex   3.560000e+03  1.273892e+04  5.000000e+02
      vertex   3.560000e+03  1.273892e+04  7.500000e+02
    endloop
  endfacet
  facet normal -1.000000e+00 -0.000000e+00  0.000000e+00
    outer loop
      vertex   3.560000e+03  1.370330e+04  1.000000e+03
      vertex   3.560000e+03  1.273892e+04  7.500000e+02
      vertex   3.560000e+03  1.273892e+04  1.000000e+03
    endloop
  endfacet
  facet normal -1.000000e+00 -0.000000e+00  0.000000e+00
    outer loop
      vertex   3.560000e+03  1.273892e+04  5.000000e+02
      vertex   3.560000e+03  1.177455e+04  2.500000e+02
      vertex   3.560000e+03  1.177455e+04  5.000000e+02
    endloop
  endfacet
  facet normal -1.000000e+00 -0.000000e+00  0.000000e+00
    outer loop
      vertex   3.560000e+03  1.177455e+04  2.500000e+02
      vertex   3.560000e+03  1.081017e+04  0.000000e+00
      vertex   3.560000e+03  1.081017e+04  2.500000e+02
    endloop
  endfacet
  facet normal -1.000000e+00 -0.000000e+00  0.000000e+00
    outer loop
      vertex   3.560000e+03  1.177455e+04  5.000000e+02
      vertex   3.560000e+03  1.081017e+04  2.500000e+02
      vertex   3.560000e+03  1.081017e+04  5.000000e+02
    endloop
  endfacet
  facet normal -1.000000e+00 -0.000000e+00  0.000000e+00
    outer loop
      vertex   3.560000e+03  1.273892e+04  1.000000e+03
      vertex   3.560000e+03  1.177455e+04  7.500000e+02
      vertex   3.560000e+03  1.177455e+04  1.000000e+03
    endloop
  endfacet
  facet normal -1.000000e+00 -0.000000e+00  0.000000e+00
    outer loop
      vertex   3.560000e+03  1.177455e+04  7.500000e+02
      vertex   3.560000e+03  1.081017e+04  5.000000e+02
      vertex   3.560000e+03  1.081017e+04  7.500000e+02
    endloop
  endfacet
  facet normal -1.000000e+00 -0.000000e+00  0.000000e+00
    outer loop
      vertex   3.560000e+03  1.177455e+04  1.000000e+03
      vertex   3.560000e+03  1.081017e+04  7.500000e+02
      vertex   3.560000e+03  1.081017e+04  1.000000e+03
    endloop
  endfacet
  facet normal -1.000000e+00 -0.000000e+00  0.000000e+00
    outer loop
      vertex   3.560000e+03  1.081017e+04  0.000000e+00
      vertex   3.560000e+03  9.845800e+03 -2.500000e+02
      vertex   3.560000e+03  9.845800e+03  0.000000e+00
    endloop
  endfacet
  facet normal -1.000000e+00 -0.000000e+00  0.000000e+00
    outer loop
      vertex   3.560000e+03  9.845800e+03 -2.500000e+02
      vertex   3.560000e+03  8.881425e+03 -5.000000e+02
      vertex   3.560000e+03  8.881425e+03 -2.500000e+02
    endloop
  endfacet
  facet normal -1.000000e+00 -0.000000e+00  0.000000e+00
    outer loop
      vertex   3.560000e+03  9.845800e+03  0.000000e+00
      vertex   3.560000e+03  8.881425e+03 -2.500000e+02
      vertex   3.560000e+03  8.881425e+03  0.000000e+00
    endloop
  endfacet
  facet normal -1.000000e+00 -0.000000e+00  0.000000e+00
    outer loop
      vertex   3.560000e+03  8.881425e+03 -5.000000e+02
      vertex   3.560000e+03  7.917050e+03 -7.500000e+02
      vertex   3.560000e+03  7.917050e+03 -5.000000e+02
    endloop
  endfacet
  facet normal -1.000000e+00 -0.000000e+00  0.000000e+00
    outer loop
      vertex   3.560000e+03  7.917050e+03 -7.500000e+02
      vertex   3.560000e+03  6.952674e+03 -1.000000e+03
      vertex   3.560000e+03  6.952674e+03 -7.500000e+02
    endloop
  endfacet
  facet normal -1.000000e+00 -0.000000e+00  0.000000e+00
    outer loop
      vertex   3.560000e+03  7.917050e+03 -5.000000e+02
      vertex   3.560000e+03  6.952674e+03 -7.500000e+02
      vertex   3.560000e+03  6.952674e+03 -5.000000e+02
    endloop
  endfacet
  facet normal -1.000000e+00 -0.000000e+00  0.000000e+00
    outer loop
      vertex   3.560000e+03  8.881425e+03  0.000000e+00
      vertex   3.560000e+03  7.917050e+03 -2.500000e+02
      vertex   3.560000e+03  7.917050e+03  0.000000e+00
    endloop
  endfacet
  facet normal -1.000000e+00 -0.000000e+00  0.000000e+00
    outer loop
      vertex   3.560000e+03  7.917050e+03 -2.500000e+02
      vertex   3.560000e+03  6.952674e+03 -5.000000e+02
      vertex   3.560000e+03  6.952674e+03 -2.500000e+02
    endloop
  endfacet
  facet normal -1.000000e+00 -0.000000e+00  0.000000e+00
    outer loop
      vertex   3.560000e+03  7.917050e+03  0.000000e+00
      vertex   3.560000e+03  6.952674e+03 -2.500000e+02
      vertex   3.560000e+03  6.952674e+03  0.000000e+00
    endloop
  endfacet
  facet normal -1.000000e+00 -0.000000e+00  0.000000e+00
    outer loop
      vertex   3.560000e+03  1.081017e+04  1.000000e+03
      vertex   3.560000e+03  9.845800e+03  7.500000e+02
      vertex   3.560000e+03  9.845800e+03  1.000000e+03
    endloop
  endfacet
  facet normal -1.000000e+00 -0.000000e+00  0.000000e+00
    outer loop
      vertex   3.560000e+03  9.845800e+03  7.500000e+02
      vertex   3.560000e+03  8.881425e+03  5.000000e+02
      vertex   3.560000e+03  8.881425e+03  7.500000e+02
    endloop
  endfacet
  facet normal -1.000000e+00 -0.000000e+00  0.000000e+00
    outer loop
      vertex   3.560000e+03  9.845800e+03  1.000000e+03
      vertex   3.560000e+03  8.881425e+03  7.500000e+02
      vertex   3.560000e+03  8.881425e+03  1.000000e+03
    endloop
  endfacet
  facet normal -1.000000e+00 -0.000000e+00  0.000000e+00
    outer loop
      vertex   3.560000e+03  8.881425e+03  5.000000e+02
      vertex   3.560000e+03  7.917050e+03  2.500000e+02
      vertex   3.560000e+03  7.917050e+03  5.000000e+02
    endloop
  endfacet
  facet normal -1.000000e+00 -0.000000e+00  0.000000e+00
    outer loop
      vertex   3.560000e+03  7.917050e+03  2.500000e+02
      vertex   3.560000e+03  6.952674e+03  0.000000e+00
      vertex   3.560000e+03  6.952674e+03  2.500000e+02
    endloop
  endfacet
  facet normal -1.000000e+00 -0.000000e+00  0.000000e+00
    outer loop
      vertex   3.560000e+03  7.917050e+03  5.000000e+02
      vertex   3.560000e+03  6.952674e+03  2.500000e+02
      vertex   3.560000e+03  6.952674e+03  5.000000e+02
    endloop
  endfacet
  facet normal -1.000000e+00 -0.000000e+00  0.000000e+00
    outer loop
      vertex   3.560000e+03  8.881425e+03  1.000000e+03
      vertex   3.560000e+03  7.917050e+03  7.500000e+02
      vertex   3.560000e+03  7.917050e+03  1.000000e+03
    endloop
  endfacet
  facet normal -1.000000e+00 -0.000000e+00  0.000000e+00
    outer loop
      vertex   3.560000e+03  7.917050e+03  7.500000e+02
      vertex   3.560000e+03  6.952674e+03  5.000000e+02
      vertex   3.560000e+03  6.952674e+03  7.500000e+02
    endloop
  endfacet
  facet normal -1.000000e+00 -0.000000e+00  0.000000e+00
    outer loop
      vertex   3.560000e+03  7.917050e+03  1.000000e+03
      vertex   3.560000e+03  6.952674e+03  7.500000e+02
      vertex   3.560000e+03  6.952674e+03  1.000000e+03
    endloop
  endfacet
  facet normal -1.000000e+00  0.000000e+00  0.000000e+00
    outer loop
      vertex   3.560000e+03  1.466767e+04 -1.000000e+03
      vertex   3.560000e+03  1.370330e+04 -1.000000e+03
      vertex   3.560000e+03  1.466767e+04 -7.500000e+02
    endloop
  endfacet
  facet normal -1.000000e+00  0.000000e+00  0.000000e+00
    outer loop
      vertex   3.560000e+03  1.370330e+04 -1.000000e+03
      vertex   3.560000e+03  1.273892e+04 -1.000000e+03
      vertex   3.560000e+03  1.370330e+04 -7.500000e+02
    endloop
  endfacet
  facet normal -1.000000e+00  0.000000e+00  0.000000e+00
    outer loop
      vertex   3.560000e+03  1.466767e+04 -7.500000e+02
      vertex   3.560000e+03  1.370330e+04 -7.500000e+02
      vertex   3.560000e+03  1.466767e+04 -5.000000e+02
    endloop
  endfacet
  facet normal -1.000000e+00  0.000000e+00  0.000000e+00
    outer loop
      vertex   3.560000e+03  1.273892e+04 -1.000000e+03
      vertex   3.560000e+03  1.177455e+04 -1.000000e+03
      vertex   3.560000e+03  1.273892e+04 -7.500000e+02
    endloop
  endfacet
  facet normal -1.000000e+00  0.000000e+00  0.000000e+00
    outer loop
      vertex   3.560000e+03  1.177455e+04 -1.000000e+03
      vertex   3.560000e+03  1.081017e+04 -1.000000e+03
      vertex   3.560000e+03  1.177455e+04 -7.500000e+02
    endloop
  endfacet
  facet normal -1.000000e+00  0.000000e+00  0.000000e+00
    outer loop
      vertex   3.560000e+03  1.273892e+04 -7.500000e+02
      vertex   3.560000e+03  1.177455e+04 -7.500000e+02
      vertex   3.560000e+03  1.273892e+04 -5.000000e+02
    endloop
  endfacet
  facet normal -1.000000e+00  0.000000e+00  0.000000e+00
    outer loop
      vertex   3.560000e+03  1.466767e+04 -5.000000e+02
      vertex   3.560000e+03  1.370330e+04 -5.000000e+02
      vertex   3.560000e+03  1.466767e+04 -2.500000e+02
    endloop
  endfacet
  facet normal -1.000000e+00  0.000000e+00  0.000000e+00
    outer loop
      vertex   3.560000e+03  1.370330e+04 -5.000000e+02
      vertex   3.560000e+03  1.273892e+04 -5.000000e+02
      vertex   3.560000e+03  1.370330e+04 -2.500000e+02
    endloop
  endfacet
  facet normal -1.000000e+00  0.000000e+00  0.000000e+00
    outer loop
      vertex   3.560000e+03  1.466767e+04 -2.500000e+02
      vertex   3.560000e+03  1.370330e+04 -2.500000e+02
      vertex   3.560000e+03  1.466767e+04  0.000000e+00
    endloop
  endfacet
  facet normal -1.000000e+00  0.000000e+00  0.000000e+00
    outer loop
      vertex   3.560000e+03  1.081017e+04 -1.000000e+03
      vertex   3.560000e+03  9.845800e+03 -1.000000e+03
      vertex   3.560000e+03  1.081017e+04 -7.500000e+02
    endloop
  endfacet
  facet normal -1.000000e+00  0.000000e+00  0.000000e+00
    outer loop
      vertex   3.560000e+03  9.845800e+03 -1.000000e+03
      vertex   3.560000e+03  8.881425e+03 -1.000000e+03
      vertex   3.560000e+03  9.845800e+03 -7.500000e+02
    endloop
  endfacet
  facet normal -1.000000e+00  0.000000e+00  0.000000e+00
    outer loop
      vertex   3.560000e+03  1.081017e+04 -7.500000e+02
      vertex   3.560000e+03  9.845800e+03 -7.500000e+02
      vertex   3.560000e+03  1.081017e+04 -5.000000e+02
    endloop
  endfacet
  facet normal -1.000000e+00  0.000000e+00  0.000000e+00
    outer loop
      vertex   3.560000e+03  8.881425e+03 -1.000000e+03
      vertex   3.560000e+03  7.917050e+03 -1.000000e+03
      vertex   3.560000e+03  8.881425e+03 -7.500000e+02
    endloop
  endfacet
  facet normal -1.000000e+00  0.000000e+00  0.000000e+00
    outer loop
      vertex   3.560000e+03  7.917050e+03 -1.000000e+03
      vertex   3.560000e+03  6.952674e+03 -1.000000e+03
      vertex   3.560000e+03  7.917050e+03 -7.500000e+02
    endloop
  endfacet
  facet normal -1.000000e+00  0.000000e+00  0.000000e+00
    outer loop
      vertex   3.560000e+03  8.881425e+03 -7.500000e+02
      vertex   3.560000e+03  7.917050e+03 -7.500000e+02
      vertex   3.560000e+03  8.881425e+03 -5.000000e+02
    endloop
  endfacet
  facet normal -1.000000e+00  0.000000e+00  0.000000e+00
    outer loop
      vertex   3.560000e+03  1.081017e+04 -5.000000e+02
      vertex   3.560000e+03  9.845800e+03 -5.000000e+02
      vertex   3.560000e+03  1.081017e+04 -2.500000e+02
    endloop
  endfacet
  facet normal -1.000000e+00  0.000000e+00  0.000000e+00
    outer loop
      vertex   3.560000e+03  9.845800e+03 -5.000000e+02
      vertex   3.560000e+03  8.881425e+03 -5.000000e+02
      vertex   3.560000e+03  9.845800e+03 -2.500000e+02
    endloop
  endfacet
  facet normal -1.000000e+00  0.000000e+00  0.000000e+00
    outer loop
      vertex   3.560000e+03  1.081017e+04 -2.500000e+02
      vertex   3.560000e+03  9.845800e+03 -2.500000e+02
      vertex   3.560000e+03  1.081017e+04  0.000000e+00
    endloop
  endfacet
  facet normal -1.000000e+00  0.000000e+00  0.000000e+00
    outer loop
      vertex   3.560000e+03  1.466767e+04  0.000000e+00
      vertex   3.560000e+03  1.370330e+04  0.000000e+00
      vertex   3.560000e+03  1.466767e+04  2.500000e+02
    endloop
  endfacet
  facet normal -1.000000e+00  0.000000e+00  0.000000e+00
    outer loop
      vertex   3.560000e+03  1.370330e+04  0.000000e+00
      vertex   3.560000e+03  1.273892e+04  0.000000e+00
      vertex   3.560000e+03  1.370330e+04  2.500000e+02
    endloop
  endfacet
  facet normal -1.000000e+00  0.000000e+00  0.000000e+00
    outer loop
      vertex   3.560000e+03  1.466767e+04  2.500000e+02
      vertex   3.560000e+03  1.370330e+04  2.500000e+02
      vertex   3.560000e+03  1.466767e+04  5.000000e+02
    endloop
  endfacet
  facet normal -1.000000e+00  0.000000e+00  0.000000e+00
    outer loop
      vertex   3.560000e+03  1.273892e+04  0.000000e+00
      vertex   3.560000e+03  1.177455e+04  0.000000e+00
      vertex   3.560000e+03  1.273892e+04  2.500000e+02
    endloop
  endfacet
  facet normal -1.000000e+00  0.000000e+00  0.000000e+00
    outer loop
      vertex   3.560000e+03  1.177455e+04  0.000000e+00
      vertex   3.560000e+03  1.081017e+04  0.000000e+00
      vertex   3.560000e+03  1.177455e+04  2.500000e+02
    endloop
  endfacet
  facet normal -1.000000e+00  0.000000e+00  0.000000e+00
    outer loop
      vertex   3.560000e+03  1.273892e+04  2.500000e+02
      vertex   3.560000e+03  1.177455e+04  2.500000e+02
      vertex   3.560000e+03  1.273892e+04  5.000000e+02
    endloop
  endfacet
  facet normal -1.000000e+00  0.000000e+00  0.000000e+00
    outer loop
      vertex   3.560000e+03  1.466767e+04  5.000000e+02
      vertex   3.560000e+03  1.370330e+04  5.000000e+02
      vertex   3.560000e+03  1.466767e+04  7.500000e+02
    endloop
  endfacet
  facet normal -1.000000e+00  0.000000e+00  0.000000e+00
    outer loop
      vertex   3.560000e+03  1.370330e+04  5.000000e+02
      vertex   3.560000e+03  1.273892e+04  5.000000e+02
      vertex   3.560000e+03  1.370330e+04  7.500000e+02
    endloop
  endfacet
  facet normal -1.000000e+00  0.000000e+00  0.000000e+00
    outer loop
      vertex   3.560000e+03  1.466767e+04  7.500000e+02
      vertex   3.560000e+03  1.370330e+04  7.500000e+02
      vertex   3.560000e+03  1.466767e+04  1.000000e+03
    endloop
  endfacet
  facet normal -9.384093e-01 -3.455257e-01  0.000000e+00
    outer loop
      vertex  -3.560000e+03  6.952674e+03 -1.000000e+03
      vertex  -3.240000e+03  6.083590e+03 -1.000000e+03
      vertex  -3.240000e+03  6.083590e+03 -7.500000e+02
    endloop
  endfacet
  facet normal -9.384093e-01 -3.455258e-01  0.000000e+00
    outer loop
      vertex  -3.240000e+03  6.083590e+03 -1.000000e+03
      vertex  -2.920000e+03  5.214506e+03 -1.000000e+03
      vertex  -2.920000e+03  5.214506e+03 -7.500000e+02
    endloop
  endfacet
  facet normal -9.384093e-01 -3.455258e-01  0.000000e+00
    outer loop
      vertex  -3.240000e+03  6.083590e+03 -7.500000e+02
      vertex  -2.920000e+03  5.214506e+03 -7.500000e+02
      vertex  -2.920000e+03  5.214506e+03 -5.000000e+02
    endloop
  endfacet
  facet normal -9.384093e-01 -3.455257e-01  0.000000e+00
    outer loop
      vertex  -2.920000e+03  5.214506e+03 -1.000000e+03
      vertex  -2.600000e+03  4.345421e+03 -1.000000e+03
      vertex  -2.600000e+03  4.345421e+03 -7.500000e+02
    endloop
  endfacet
  facet normal -9.384093e-01 -3.455257e-01  0.000000e+00
    outer loop
      vertex  -2.600000e+03  4.345421e+03 -1.000000e+03
      vertex  -2.280000e+03  3.476337e+03 -1.000000e+03
      vertex  -2.280000e+03  3.476337e+03 -7.500000e+02
    endloop
  endfacet
  facet normal -9.384093e-01 -3.455257e-01  0.000000e+00
    outer loop
      vertex  -2.600000e+03  4.345421e+03 -7.500000e+02
      vertex  -2.280000e+03  3.476337e+03 -7.500000e+02
      vertex  -2.280000e+03  3.476337e+03 -5.000000e+02
    endloop
  endfacet
  facet normal -9.384093e-01 -3.455257e-01  0.000000e+00
    outer loop
      vertex  -2.920000e+03  5.214506e+03 -5.000000e+02
      vertex  -2.600000e+03  4.345421e+03 -5.000000e+02
      vertex  -2.600000e+03  4.345421e+03 -2.500000e+02
    endloop
  endfacet
  facet normal -9.384093e-01 -3.455257e-01  0.000000e+00
    outer loop
      vertex  -2.600000e+03  4.345421e+03 -5.000000e+02
      vertex  -2.280000e+03  3.476337e+03 -5.000000e+02
      vertex  -2.280000e+03  3.476337e+03 -2.500000e+02
    endloop
  endfacet
  facet normal -9.384093e-01 -3.455257e-01  0.000000e+00
    outer loop
      vertex  -2.600000e+03  4.345421e+03 -2.500000e+02
      vertex  -2.280000e+03  3.476337e+03 -2.500000e+02
      vertex  -2.280000e+03  3.476337e+03  0.000000e+00
    endloop
  endfacet
  facet normal -9.384093e-01 -3.455257e-01  0.000000e+00
    outer loop
      vertex  -2.280000e+03  3.476337e+03 -1.000000e+03
      vertex  -1.960000e+03  2.607253e+03 -1.000000e+03
      vertex  -1.960000e+03  2.607253e+03 -7.500000e+02
    endloop
  endfacet
  facet normal -9.384093e-01 -3.455257e-01  0.000000e+00
    outer loop
      vertex  -1.960000e+03  2.607253e+03 -1.000000e+03
      vertex  -1.640000e+03  1.738169e+03 -1.000000e+03
      vertex  -1.640000e+03  1.738169e+03 -7.500000e+02
    endloop
  endfacet
  facet normal -9.384093e-01 -3.455257e-01  0.000000e+00
    outer loop
      vertex  -1.960000e+03  2.607253e+03 -7.500000e+02
      vertex  -1.640000e+03  1.738169e+03 -7.500000e+02
      vertex  -1.640000e+03  1.738169e+03 -5.000000e+02
    endloop
  endfacet
  facet normal -9.384093e-01 -3.455257e-01  0.000000e+00
    outer loop
      vertex  -1.640000e+03  1.738169e+03 -1.000000e+03
      vertex  -1.320000e+03  8.690843e+02 -1.000000e+03
      vertex  -1.320000e+03  8.690843e+02 -7.500000e+02
    endloop
  endfacet
  facet normal -9.384093e-01 -3.455257e-01  0.000000e+00
    outer loop
      vertex  -1.320000e+03  8.690843e+02 -1.000000e+03
      vertex  -1.000000e+03  0.000000e+00 -1.000000e+03
      vertex  -1.000000e+03  0.000000e+00 -7.500000e+02
    endloop
  endfacet
  facet normal -9.384093e-01 -3.455257e-01  0.000000e+00
    outer loop
      vertex  -1.320000e+03  8.690843e+02 -7.500000e+02
      vertex  -1.000000e+03  0.000000e+00 -7.500000e+02
      vertex  -1.000000e+03  0.000000e+00 -5.000000e+02
    endloop
  endfacet
  facet normal -9.384093e-01 -3.455257e-01  0.000000e+00
    outer loop
      vertex  -1.640000e+03  1.738169e+03 -5.000000e+02
      vertex  -1.320000e+03  8.690843e+02 -5.000000e+02
      vertex  -1.320000e+03  8.690843e+02 -2.500000e+02
    endloop
  endfacet
  facet normal -9.384093e-01 -3.455257e-01  0.000000e+00
    outer loop
      vertex  -1.320000e+03  8.690843e+02 -5.000000e+02
      vertex  -1.000000e+03  0.000000e+00 -5.000000e+02
      vertex  -1.000000e+03  0.000000e+00 -2.500000e+02
    endloop
  endfacet
  facet normal -9.384093e-01 -3.455257e-01  0.000000e+00
    outer loop
      vertex  -1.320000e+03  8.690843e+02 -2.500000e+02
      vertex  -1.000000e+03  0.000000e+00 -2.500000e+02
      vertex  -1.000000e+03  0.000000e+00  0.000000e+00
    endloop
  endfacet
  facet normal -9.384093e-01 -3.455257e-01  0.000000e+00
    outer loop
      vertex  -2.280000e+03  3.476337e+03  0.000000e+00
      vertex  -1.960000e+03  2.607253e+03  0.000000e+00
      vertex  -1.960000e+03  2.607253e+03  2.500000e+02
    endloop
  endfacet
  facet normal -9.384093e-01 -3.455257e-01  0.000000e+00
    outer loop
      vertex  -1.960000e+03  2.607253e+03  0.000000e+00
      vertex  -1.640000e+03  1.738169e+03  0.000000e+00
      vertex  -1.640000e+03  1.738169e+03  2.500000e+02
    endloop
  endfacet
  facet normal -9.384093e-01 -3.455257e-01  0.000000e+00
    outer loop
      vertex  -1.960000e+03  2.607253e+03  2.500000e+02
      vertex  -1.640000e+03  1.738169e+03  2.500000e+02
      vertex  -1.640000e+03  1.738169e+03  5.000000e+02
    endloop
  endfacet
  facet normal -9.384093e-01 -3.455257e-01  0.000000e+00
    outer loop
      vertex  -1.640000e+03  1.738169e+03  0.000000e+00
      vertex  -1.320000e+03  8.690843e+02  0.000000e+00
      vertex  -1.320000e+03  8.690843e+02  2.500000e+02
    endloop
  endfacet
  facet normal -9.384093e-01 -3.455257e-01  0.000000e+00
    outer loop
      vertex  -1.320000e+03  8.690843e+02  0.000000e+00
      vertex  -1.000000e+03  0.000000e+00  0.000000e+00
      vertex  -1.000000e+03  0.000000e+00  2.500000e+02
    endloop
  endfacet
  facet normal -9.384093e-01 -3.455257e-01  0.000000e+00
    outer loop
      vertex  -1.320000e+03  8.690843e+02  2.500000e+02
      vertex  -1.000000e+03  0.000000e+00  2.500000e+02
      vertex  -1.000000e+03  0.000000e+00  5.000000e+02
    endloop
  endfacet
  facet normal -9.384093e-01 -3.455257e-01  0.000000e+00
    outer loop
      vertex  -1.640000e+03  1.738169e+03  5.000000e+02
      vertex  -1.320000e+03  8.690843e+02  5.000000e+02
      vertex  -1.320000e+03  8.690843e+02  7.500000e+02
    endloop
  endfacet
  facet normal -9.384093e-01 -3.455257e-01  0.000000e+00
    outer loop
      vertex  -1.320000e+03  8.690843e+02  5.000000e+02
      vertex  -1.000000e+03  0.000000e+00  5.000000e+02
      vertex  -1.000000e+03  0.000000e+00  7.500000e+02
    endloop
  endfacet
  facet normal -9.384093e-01 -3.455257e-01  0.000000e+00
    outer loop
      vertex  -1.320000e+03  8.690843e+02  7.500000e+02
      vertex  -1.000000e+03  0.000000e+00  7.500000e+02
      vertex  -1.000000e+03  0.000000e+00  1.000000e+03
    endloop
  endfacet
  facet normal -9.384093e-01 -3.455257e-01  0.000000e+00
    outer loop
      vertex  -3.560000e+03  6.952674e+03 -1.000000e+03
      vertex  -3.240000e+03  6.083590e+03 -7.500000e+02
      vertex  -3.560000e+03  6.952674e+03 -7.500000e+02
    endloop
  endfacet
  facet normal -9.384093e-01 -3.455258e-01  0.000000e+00
    outer loop
      vertex  -3.240000e+03  6.083590e+03 -7.500000e+02
      vertex  -2.920000e+03  5.214506e+03 -5.000000e+02
      vertex  -3.240000e+03  6.083590e+03 -5.000000e+02
    endloop
  endfacet
  facet normal -9.384093e-01 -3.455257e-01  0.000000e+00
    outer loop
      vertex  -3.560000e+03  6.952674e+03 -7.500000e+02
      vertex  -3.240000e+03  6.083590e+03 -5.000000e+02
      vertex  -3.560000e+03  6.952674e+03 -5.000000e+02
    endloop
  endfacet
  facet normal -9.384093e-01 -3.455257e-01  0.000000e+00
    outer loop
      vertex  -2.920000e+03  5.214506e+03 -5.000000e+02
      vertex  -2.600000e+03  4.345421e+03 -2.500000e+02
      vertex  -2.920000e+03  5.214506e+03 -2.500000e+02
    endloop
  endfacet
  facet normal -9.384093e-01 -3.455257e-01  0.000000e+00
    outer loop
      vertex  -2.600000e+03  4.345421e+03 -2.500000e+02
      vertex  -2.280000e+03  3.476337e+03  0.000000e+00
      vertex  -2.600000e+03  4.345421e+03  0.000000e+00
    endloop
  endfacet
  facet normal -9.384093e-01 -3.455257e-01  0.000000e+00
    outer loop
      vertex  -2.920000e+03  5.214506e+03 -2.500000e+02
      vertex  -2.600000e+03  4.345421e+03  0.000000e+00
      vertex  -2.920000e+03  5.214506e+03  0.000000e+00
    endloop
  endfacet
  facet normal -9.384093e-01 -3.455257e-01  0.000000e+00
    outer loop
      vertex  -3.560000e+03  6.952674e+03 -5.000000e+02
      vertex  -3.240000e+03  6.083590e+03 -2.500000e+02
      vertex  -3.560000e+03  6.952674e+03 -2.500000e+02
    endloop
  endfacet
  facet normal -9.384093e-01 -3.455258e-01  0.000000e+00
    outer loop
      vertex  -3.240000e+03  6.083590e+03 -2.500000e+02
      vertex  -2.920000e+03  5.214506e+03  0.000000e+00
      vertex  -3.240000e+03  6.083590e+03  0.000000e+00
    endloop
  endfacet
  facet normal -9.384093e-01 -3.455257e-01  0.000000e+00
    outer loop
      vertex  -3.560000e+03  6.952674e+03 -2.500000e+02
      vertex  -3.240000e+03  6.083590e+03  0.000000e+00
      vertex  -3.560000e+03  6.952674e+03  0.000000e+00
    endloop
  endfacet
  facet normal -9.384093e-01 -3.455257e-01  0.000000e+00
    outer loop
      vertex  -2.280000e+03  3.476337e+03  0.000000e+00
      vertex  -1.960000e+03  2.607253e+03  2.500000e+02
      vertex  -2.280000e+03  3.476337e+03  2.500000e+02
    endloop
  endfacet
  facet normal -9.384093e-01 -3.455257e-01  0.000000e+00
    outer loop
      vertex  -1.960000e+03  2.607253e+03  2.500000e+02
      vertex  -1.640000e+03  1.738169e+03  5.000000e+02
      vertex  -1.960000e+03  2.607253e+03  5.000000e+02
    endloop
  endfacet
  facet normal -9.384093e-01 -3.455257e-01  0.000000e+00
    outer loop
      vertex  -2.280000e+03  3.476337e+03  2.500000e+02
      vertex  -1.960000e+03  2.607253e+03  5.000000e+02
      vertex  -2.280000e+03  3.476337e+03  5.000000e+02
    endloop
  endfacet
  facet normal -9.384093e-01 -3.455257e-01  0.000000e+00
    outer loop
      vertex  -1.640000e+03  1.738169e+03  5.000000e+02
      vertex  -1.320000e+03  8.690843e+02  7.500000e+02
      vertex  -1.640000e+03  1.738169e+03  7.500000e+02
    endloop
  endfacet
  facet normal -9.384093e-01 -3.455257e-01  0.000000e+00
    outer loop
      vertex  -1.320000e+03  8.690843e+02  7.500000e+02
      vertex  -1.000000e+03  0.000000e+00  1.000000e+03
      vertex  -1.320000e+03  8.690843e+02  1.000000e+03
    endloop
  endfacet
  facet normal -9.384093e-01 -3.455257e-01  0.000000e+00
    outer loop
      vertex  -1.640000e+03  1.738169e+03  7.500000e+02
      vertex  -1.320000e+03  8.690843e+02  1.000000e+03
      vertex  -1.640000e+03  1.738169e+03  1.000000e+03
    endloop
  endfacet
  facet normal -9.384093e-01 -3.455257e-01  0.000000e+00
    outer loop
      vertex  -2.280000e+03  3.476337e+03  5.000000e+02
      vertex  -1.960000e+03  2.607253e+03  7.500000e+02
      vertex  -2.280000e+03  3.476337e+03  7.500000e+02
    endloop
  endfacet
  facet normal -9.384093e-01 -3.455257e-01  0.000000e+00
    outer loop
      vertex  -1.960000e+03  2.607253e+03  7.500000e+02
      vertex  -1.640000e+03  1.738169e+03  1.000000e+03
      vertex  -1.960000e+03  2.607253e+03  1.000000e+03
    endloop
  endfacet
  facet normal -9.384093e-01 -3.455257e-01  0.000000e+00
    outer loop
      vertex  -2.280000e+03  3.476337e+03  7.500000e+02
      vertex  -1.960000e+03  2.607253e+03  1.000000e+03
      vertex  -2.280000e+03  3.476337e+03  1.000000e+03
    endloop
  endfacet
  facet normal -9.384093e-01 -3.455257e-01  0.000000e+00
    outer loop
      vertex  -3.560000e+03  6.952674e+03  0.000000e+00
      vertex  -3.240000e+03  6.083590e+03  2.500000e+02
      vertex  -3.560000e+03  6.952674e+03  2.500000e+02
    endloop
  endfacet
  facet normal -9.384093e-01 -3.455258e-01  0.000000e+00
    outer loop
      vertex  -3.240000e+03  6.083590e+03  2.500000e+02
      vertex  -2.920000e+03  5.214506e+03  5.000000e+02
      vertex  -3.240000e+03  6.083590e+03  5.000000e+02
    endloop
  endfacet
  facet normal -9.384093e-01 -3.455257e-01  0.000000e+00
    outer loop
      vertex  -3.560000e+03  6.952674e+03  2.500000e+02
      vertex  -3.240000e+03  6.083590e+03  5.000000e+02
      vertex  -3.560000e+03  6.952674e+03  5.000000e+02
    endloop
  endfacet
  facet normal -9.384093e-01 -3.455257e-01  0.000000e+00
    outer loop
      vertex  -2.920000e+03  5.214506e+03  5.000000e+02
      vertex  -2.600000e+03  4.345421e+03  7.500000e+02
      vertex  -2.920000e+03  5.214506e+03  7.500000e+02
    endloop
  endfacet
  facet normal -9.384093e-01 -3.455257e-01  0.000000e+00
    outer loop
      vertex  -2.600000e+03  4.345421e+03  7.500000e+02
      vertex  -2.280000e+03  3.476337e+03  1.000000e+03
      vertex  -2.600000e+03  4.345421e+03  1.000000e+03
    endloop
  endfacet
  facet normal -9.384093e-01 -3.455257e-01  0.000000e+00
    outer loop
      vertex  -2.920000e+03  5.214506e+03  7.500000e+02
      vertex  -2.600000e+03  4.345421e+03  1.000000e+03
      vertex  -2.920000e+03  5.214506e+03  1.000000e+03
    endloop
  endfacet
  facet normal -9.384093e-01 -3.455257e-01  0.000000e+00
    outer loop
      vertex  -3.560000e+03  6.952674e+03  5.000000e+02
      vertex  -3.240000e+03  6.083590e+03  7.500000e+02
      vertex  -3.560000e+03  6.952674e+03  7.500000e+02
    endloop
  endfacet
  facet normal -9.384093e-01 -3.455258e-01  0.000000e+00
    outer loop
      vertex  -3.240000e+03  6.083590e+03  7.500000e+02
      vertex  -2.920000e+03  5.214506e+03  1.000000e+03
      vertex  -3.240000e+03  6.083590e+03  1.000000e+03
    endloop
  endfacet
  facet normal -9.384093e-01 -3.455257e-01  0.000000e+00
    outer loop
      vertex  -3.560000e+03  6.952674e+03  7.500000e+02
      vertex  -3.240000e+03  6.083590e+03  1.000000e+03
      vertex  -3.560000e+03  6.952674e+03  1.000000e+03
    endloop
  endfacet
  facet normal -1.000000e+00 -0.000000e+00  0.000000e+00
    outer loop
      vertex  -3.560000e+03  1.466767e+04  1.000000e+03
      vertex  -3.560000e+03  1.370330e+04  7.500000e+02
      vertex  -3.560000e+03  1.370330e+04  1.000000e+03
    endloop
  endfacet
  facet normal -1.000000e+00 -0.000000e+00  0.000000e+00
    outer loop
      vertex  -3.560000e+03  1.370330e+04  7.500000e+02
      vertex  -3.560000e+03  1.273892e+04  5.000000e+02
      vertex  -3.560000e+03  1.273892e+04  7.500000e+02
    endloop
  endfacet
  facet normal -1.000000e+00 -0.000000e+00  0.000000e+00
    outer loop
      vertex  -3.560000e+03  1.370330e+04  1.000000e+03
      vertex  -3.560000e+03  1.273892e+04  7.500000e+02
      vertex  -3.560000e+03  1.273892e+04  1.000000e+03
    endloop
  endfacet
  facet normal -1.000000e+00 -0.000000e+00  0.000000e+00
    outer loop
      vertex  -3.560000e+03  1.273892e+04  5.000000e+02
      vertex  -3.560000e+03  1.177455e+04  2.500000e+02
      vertex  -3.560000e+03  1.177455e+04  5.000000e+02
    endloop
  endfacet
  facet normal -1.000000e+00 -0.000000e+00  0.000000e+00
    outer loop
      vertex  -3.560000e+03  1.177455e+04  2.500000e+02
      vertex  -3.560000e+03  1.081017e+04  0.000000e+00
      vertex  -3.560000e+03  1.081017e+04  2.500000e+02
    endloop
  endfacet
  facet normal -1.000000e+00 -0.000000e+00  0.000000e+00
    outer loop
      vertex  -3.560000e+03  1.177455e+04  5.000000e+02
      vertex  -3.560000e+03  1.081017e+04  2.500000e+02
      vertex  -3.560000e+03  1.081017e+04  5.000000e+02
    endloop
  endfacet
  facet normal -1.000000e+00 -0.000000e+00  0.000000e+00
    outer loop
      vertex  -3.560000e+03  1.273892e+04  1.000000e+03
      vertex  -3.560000e+03  1.177455e+04  7.500000e+02
      vertex  -3.560000e+03  1.177455e+04  1.000000e+03
    endloop
  endfacet
  facet normal -1.000000e+00 -0.000000e+00  0.000000e+00
    outer loop
      vertex  -3.560000e+03  1.177455e+04  7.500000e+02
      vertex  -3.560000e+03  1.081017e+04  5.000000e+02
      vertex  -3.560000e+03  1.081017e+04  7.500000e+02
    endloop
  endfacet
  facet normal -1.000000e+00 -0.000000e+00  0.000000e+00
    outer loop
      vertex  -3.560000e+03  1.177455e+04  1.000000e+03
      vertex  -3.560000e+03  1.081017e+04  7.500000e+02
      vertex  -3.560000e+03  1.081017e+04  1.000000e+03
    endloop
  endfacet
  facet normal -1.000000e+00 -0.000000e+00  0.000000e+00
    outer loop
      vertex  -3.560000e+03  1.081017e+04  0.000000e+00
      vertex  -3.560000e+03  9.845800e+03 -2.500000e+02
      vertex  -3.560000e+03  9.845800e+03  0.000000e+00
    endloop
  endfacet
  facet normal -1.000000e+00 -0.000000e+00  0.000000e+00
    outer loop
      vertex  -3.560000e+03  9.845800e+03 -2.500000e+02
      vertex  -3.560000e+03  8.881425e+03 -5.000000e+02
      vertex  -3.560000e+03  8.881425e+03 -2.500000e+02
    endloop
  endfacet
  facet normal -1.000000e+00 -0.000000e+00  0.000000e+00
    outer loop
      vertex  -3.560000e+03  9.845800e+03  0.000000e+00
      vertex  -3.560000e+03  8.881425e+03 -2.500000e+02
      vertex  -3.560000e+03  8.881425e+03  0.000000e+00
    endloop
  endfacet
  facet normal -1.000000e+00 -0.000000e+00  0.000000e+00
    outer loop
      vertex  -3.560000e+03  8.881425e+03 -5.000000e+02
      vertex  -3.560000e+03  7.917050e+03 -7.500000e+02
      vertex  -3.560000e+03  7.917050e+03 -5.000000e+02
    endloop
  endfacet
  facet normal -1.000000e+00 -0.000000e+00  0.000000e+00
    outer loop
      vertex  -3.560000e+03  7.917050e+03 -7.500000e+02
      vertex  -3.560000e+03  6.952674e+03 -1.000000e+03
      vertex  -3.560000e+03  6.952674e+03 -7.500000e+02
    endloop
  endfacet
  facet normal -1.000000e+00 -0.000000e+00  0.000000e+00
    outer loop
      vertex  -3.560000e+03  7.917050e+03 -5.000000e+02
      vertex  -3.560000e+03  6.952674e+03 -7.500000e+02
      vertex  -3.560000e+03  6.952674e+03 -5.000000e+02
    endloop
  endfacet
  facet normal -1.000000e+00 -0.000000e+00  0.000000e+00
    outer loop
      vertex  -3.560000e+03  8.881425e+03  0.000000e+00
      vertex  -3.560000e+03  7.917050e+03 -2.500000e+02
      vertex  -3.560000e+03  7.917050e+03  0.000000e+00
    endloop
  endfacet
  facet normal -1.000000e+00 -0.000000e+00  0.000000e+00
    outer loop
      vertex  -3.560000e+03  7.917050e+03 -2.500000e+02
      vertex  -3.560000e+03  6.952674e+03 -5.000000e+02
      vertex  -3.560000e+03  6.952674e+03 -2.500000e+02
    endloop
  endfacet
  facet normal -1.000000e+00 -0.000000e+00  0.000000e+00
    outer loop
      vertex  -3.560000e+03  7.917050e+03  0.000000e+00
      vertex  -3.560000e+03  6.952674e+03 -2.500000e+02
      vertex  -3.560000e+03  6.952674e+03  0.000000e+00
    endloop
  endfacet
  facet normal -1.000000e+00 -0.000000e+00  0.000000e+00
    outer loop
      vertex  -3.560000e+03  1.081017e+04  1.000000e+03
      vertex  -3.560000e+03  9.845800e+03  7.500000e+02
      vertex  -3.560000e+03  9.845800e+03  1.000000e+03
    endloop
  endfacet
  facet normal -1.000000e+00 -0.000000e+00  0.000000e+00
    outer loop
      vertex  -3.560000e+03  9.845800e+03  7.500000e+02
      vertex  -3.560000e+03  8.881425e+03  5.000000e+02
      vertex  -3.560000e+03  8.881425e+03  7.500000e+02
    endloop
  endfacet
  facet normal -1.000000e+00 -0.000000e+00  0.000000e+00
    outer loop
      vertex  -3.560000e+03  9.845800e+03  1.000000e+03
      vertex  -3.560000e+03  8.881425e+03  7.500000e+02
      vertex  -3.560000e+03  8.881425e+03  1.000000e+03
    endloop
  endfacet
  facet normal -1.000000e+00 -0.000000e+00  0.000000e+00
    outer loop
      vertex  -3.560000e+03  8.881425e+03  5.000000e+02
      vertex  -3.560000e+03  7.917050e+03  2.500000e+02
      vertex  -3.560000e+03  7.917050e+03  5.000000e+02
    endloop
  endfacet
  facet normal -1.000000e+00 -0.000000e+00  0.000000e+00
    outer loop
      vertex  -3.560000e+03  7.917050e+03  2.500000e+02
      vertex  -3.560000e+03  6.952674e+03  0.000000e+00
      vertex  -3.560000e+03  6.952674e+03  2.500000e+02
    endloop
  endfacet
  facet normal -1.000000e+00 -0.000000e+00  0.000000e+00
    outer loop
      vertex  -3.560000e+03  7.917050e+03  5.000000e+02
      vertex  -3.560000e+03  6.952674e+03  2.500000e+02
      vertex  -3.560000e+03  6.952674e+03  5.000000e+02
    endloop
  endfacet
  facet normal -1.000000e+00 -0.000000e+00  0.000000e+00
    outer loop
      vertex  -3.560000e+03  8.881425e+03  1.000000e+03
      vertex  -3.560000e+03  7.917050e+03  7.500000e+02
      vertex  -3.560000e+03  7.917050e+03  1.000000e+03
    endloop
  endfacet
  facet normal -1.000000e+00 -0.000000e+00  0.000000e+00
    outer loop
      vertex  -3.560000e+03  7.917050e+03  7.500000e+02
      vertex  -3.560000e+03  6.952674e+03  5.000000e+02
      vertex  -3.560000e+03  6.952674e+03  7.500000e+02
    endloop
  endfacet
  facet normal -1.000000e+00 -0.000000e+00  0.000000e+00
    outer loop
      vertex  -3.560000e+03  7.917050e+03  1.000000e+03
      vertex  -3.560000e+03  6.952674e+03  7.500000e+02
      vertex  -3.560000e+03  6.952674e+03  1.000000e+03
    endloop
  endfacet
  facet normal -1.000000e+00  0.000000e+00  0.000000e+00
    outer loop
      vertex  -3.560000e+03  1.466767e+04 -1.000000e+03
      vertex  -3.560000e+03  1.370330e+04 -1.000000e+03
      vertex  -3.560000e+03  1.466767e+04 -7.500000e+02
    endloop
  endfacet
  facet normal -1.000000e+00  0.000000e+00  0.000000e+00
    outer loop
      vertex  -3.560000e+03  1.370330e+04 -1.000000e+03
      vertex  -3.560000e+03  1.273892e+04 -1.000000e+03
      vertex  -3.560000e+03  1.370330e+04 -7.500000e+02
    endloop
  endfacet
  facet normal -1.000000e+00  0.000000e+00  0.000000e+00
    outer loop
      vertex  -3.560000e+03  1.466767e+04 -7.500000e+02
      vertex  -3.560000e+03  1.370330e+04 -7.500000e+02
      vertex  -3.560000e+03  1.466767e+04 -5.000000e+02
    endloop
  endfacet
  facet normal -1.000000e+00  0.000000e+00  0.000000e+00
    outer loop
      vertex  -3.560000e+03  1.273892e+04 -1.000000e+03
      vertex  -3.560000e+03  1.177455e+04 -1.000000e+03
      vertex  -3.560000e+03  1.273892e+04 -7.500000e+02
    endloop
  endfacet
  facet normal -1.000000e+00  0.000000e+00  0.000000e+00
    outer loop
      vertex  -3.560000e+03  1.177455e+04 -1.000000e+03
      vertex  -3.560000e+03  1.081017e+04 -1.000000e+03
      vertex  -3.560000e+03  1.177455e+04 -7.500000e+02
    endloop
  endfacet
  facet normal -1.000000e+00  0.000000e+00  0.000000e+00
    outer loop
      vertex  -3.560000e+03  1.273892e+04 -7.500000e+02
      vertex  -3.560000e+03  1.177455e+04 -7.500000e+02
      vertex  -3.560000e+03  1.273892e+04 -5.000000e+02
    endloop
  endfacet
  facet normal -1.000000e+00  0.000000e+00  0.000000e+00
    outer loop
      vertex  -3.560000e+03  1.466767e+04 -5.000000e+02
      vertex  -3.560000e+03  1.370330e+04 -5.000000e+02
      vertex  -3.560000e+03  1.466767e+04 -2.500000e+02
    endloop
  endfacet
  facet normal -1.000000e+00  0.000000e+00  0.000000e+00
    outer loop
      vertex  -3.560000e+03  1.370330e+04 -5.000000e+02
      vertex  -3.560000e+03  1.273892e+04 -5.000000e+02
      vertex  -3.560000e+03  1.370330e+04 -2.500000e+02
    endloop
  endfacet
  facet normal -1.000000e+00  0.000000e+00  0.000000e+00
    outer loop
      vertex  -3.560000e+03  1.466767e+04 -2.500000e+02
      vertex  -3.560000e+03  1.370330e+04 -2.500000e+02
      vertex  -3.560000e+03  1.466767e+04  0.000000e+00
    endloop
  endfacet
  facet normal -1.000000e+00  0.000000e+00  0.000000e+00
    outer loop
      vertex  -3.560000e+03  1.081017e+04 -1.000000e+03
      vertex  -3.560000e+03  9.845800e+03 -1.000000e+03
      vertex  -3.560000e+03  1.081017e+04 -7.500000e+02
    endloop
  endfacet
  facet normal -1.000000e+00  0.000000e+00  0.000000e+00
    outer loop
      vertex  -3.560000e+03  9.845800e+03 -1.000000e+03
      vertex  -3.560000e+03  8.881425e+03 -1.000000e+03
      vertex  -3.560000e+03  9.845800e+03 -7.500000e+02
    endloop
  endfacet
  facet normal -1.000000e+00  0.000000e+00  0.000000e+00
    outer loop
      vertex  -3.560000e+03  1.081017e+04 -7.500000e+02
      vertex  -3.560000e+03  9.845800e+03 -7.500000e+02
      vertex  -3.560000e+03  1.081017e+04 -5.000000e+02
    endloop
  endfacet
  facet normal -1.000000e+00  0.000000e+00  0.000000e+00
    outer loop
      vertex  -3.560000e+03  8.881425e+03 -1.000000e+03
      vertex  -3.560000e+03  7.917050e+03 -1.000000e+03
      vertex  -3.560000e+03  8.881425e+03 -7.500000e+02
    endloop
  endfacet
  facet normal -1.000000e+00  0.000000e+00  0.000000e+00
    outer loop
      vertex  -3.560000e+03  7.917050e+03 -1.000000e+03
      vertex  -3.560000e+03  6.952674e+03 -1.000000e+03
      vertex  -3.560000e+03  7.917050e+03 -7.500000e+02
    endloop
  endfacet
  facet normal -1.000000e+00  0.000000e+00  0.000000e+00
    outer loop
      vertex  -3.560000e+03  8.881425e+03 -7.500000e+02
      vertex  -3.560000e+03  7.917050e+03 -7.500000e+02
      vertex  -3.560000e+03  8.881425e+03 -5.000000e+02
    endloop
  endfacet
  facet normal -1.000000e+00  0.000000e+00  0.000000e+00
    outer loop
      vertex  -3.560000e+03  1.081017e+04 -5.000000e+02
      vertex  -3.560000e+03  9.845800e+03 -5.000000e+02
      vertex  -3.560000e+03  1.081017e+04 -2.500000e+02
    endloop
  endfacet
  facet normal -1.000000e+00  0.000000e+00  0.000000e+00
    outer loop
      vertex  -3.560000e+03  9.845800e+03 -5.000000e+02
      vertex  -3.560000e+03  8.881425e+03 -5.000000e+02
      vertex  -3.560000e+03  9.845800e+03 -2.500000e+02
    endloop
  endfacet
  facet normal -1.000000e+00  0.000000e+00  0.000000e+00
    outer loop
      vertex  -3.560000e+03  1.081017e+04 -2.500000e+02
      vertex  -3.560000e+03  9.845800e+03 -2.500000e+02
      vertex  -3.560000e+03  1.081017e+04  0.000000e+00
    endloop
  endfacet
  facet normal -1.000000e+00  0.000000e+00  0.000000e+00
    outer loop
      vertex  -3.560000e+03  1.466767e+04  0.000000e+00
      vertex  -3.560000e+03  1.370330e+04  0.000000e+00
      vertex  -3.560000e+03  1.466767e+04  2.500000e+02
    endloop
  endfacet
  facet normal -1.000000e+00  0.000000e+00  0.000000e+00
    outer loop
      vertex  -3.560000e+03  1.370330e+04  0.000000e+00
      vertex  -3.560000e+03  1.273892e+04  0.000000e+00
      vertex  -3.560000e+03  1.370330e+04  2.500000e+02
    endloop
  endfacet
  facet normal -1.000000e+00  0.000000e+00  0.000000e+00
    outer loop
      vertex  -3.560000e+03  1.466767e+04  2.500000e+02
      vertex  -3.560000e+03  1.370330e+04  2.500000e+02
      vertex  -3.560000e+03  1.466767e+04  5.000000e+02
    endloop
  endfacet
  facet normal -1.000000e+00  0.000000e+00  0.000000e+00
    outer loop
      vertex  -3.560000e+03  1.273892e+04  0.000000e+00
      vertex  -3.560000e+03  1.177455e+04  0.000000e+00
      vertex  -3.560000e+03  1.273892e+04  2.500000e+02
    endloop
  endfacet
  facet normal -1.000000e+00  0.000000e+00  0.000000e+00
    outer loop
      vertex  -3.560000e+03  1.177455e+04  0.000000e+00
      vertex  -3.560000e+03  1.081017e+04  0.000000e+00
      vertex  -3.560000e+03  1.177455e+04  2.500000e+02
    endloop
  endfacet
  facet normal -1.000000e+00  0.000000e+00  0.000000e+00
    outer loop
      vertex  -3.560000e+03  1.273892e+04  2.500000e+02
      vertex  -3.560000e+03  1.177455e+04  2.500000e+02
      vertex  -3.560000e+03  1.273892e+04  5.000000e+02
    endloop
  endfacet
  facet normal -1.000000e+00  0.000000e+00  0.000000e+00
    outer loop
      vertex  -3.560000e+03  1.466767e+04  5.000000e+02
      vertex  -3.560000e+03  1.370330e+04  5.000000e+02
      vertex  -3.560000e+03  1.466767e+04  7.500000e+02
    endloop
  endfacet
  facet normal -1.000000e+00  0.000000e+00  0.000000e+00
    outer loop
      vertex  -3.560000e+03  1.370330e+04  5.000000e+02
      vertex  -3.560000e+03  1.273892e+04  5.000000e+02
      vertex  -3.560000e+03  1.370330e+04  7.500000e+02
    endloop
  endfacet
  facet normal -1.000000e+00  0.000000e+00  0.000000e+00
    outer loop
      vertex  -3.560000e+03  1.466767e+04  7.500000e+02
      vertex  -3.560000e+03  1.370330e+04  7.500000e+02
      vertex  -3.560000e+03  1.466767e+04  1.000000e+03
    endloop
  endfacet
endsolid vcg
